0,09/15/1961,D.Marino
1,04/17/1961,B.Esiason
2,03/07/1955,T.Kramer
3,06/28/1961,J.Schroeder
4,11/25/1963,B.Kosar
5,06/28/1960,J.Elway
6,10/08/1959,T.Eason
7,10/20/1958,D.Krieg
8,06/10/1951,D.Fouts
9,,K.O'Brien
10,06/11/1956,J.Montana
11,,J.Plunkett
12,07/11/1959,J.Kemp
13,,M.Malone
14,11/03/1954,P.Simms
15,02/14/1960,J.Kelly
16,,R.Wright
17,,E.Hipple
18,,D.Archer
19,11/18/1956,W.Moon
20,,D.Wilson
21,10/11/1961,S.Young
22,,R.Jaworski
23,,S.Pelluer
24,01/20/1955,B.Kenney
25,,M.Wilson
26,,N.Lomax
27,02/25/1961,T.Blackledge
28,03/27/1963,R.Cunningham
29,09/09/1962,J.Trudeau
30,,S.Grogan
31,02/01/1959,W.Wilson
32,,D.White
33,01/03/1963,J.Everett
34,09/16/1955,P.Ryan
35,01/08/1959,M.Herrmann
36,,G.Hogeboom
37,,D.Strock
38,,C.Stoudt
39,11/29/1961,B.Kiel
40,,K.Anderson
41,12/20/1961,G.Gilbert
42,10/23/1962,D.Flutie
43,05/09/1962,R.Hilger
44,08/21/1959,J.McMahon
45,,S.Bartkowski
46,08/15/1961,G.Kubiak
47,,S.Dils
48,02/18/1963,C.Long
49,,M.Moroski
50,,R.Collier
51,,V.Ferragamo
52,12/04/1961,F.Reich
53,,C.Fusina
54,01/19/1954,S.DeBerg
55,,S.Fuller
56,08/15/1962,B.Brister
57,,J.Ferguson
58,,T.Schonert
59,,T.Flick
60,10/23/1962,M.Tomczak
61,10/27/1956,M.Cavanaugh
62,,O.Luck
63,08/19/1960,B.Hebert
64,,D.Williams
65,,T.Ramsey
66,,S.Campbell
67,11/13/1963,V.Testaverde
68,12/23/1963,J.Harbaugh
69,,B.Pease
70,02/25/1964,D.Majkowski
71,03/09/1963,S.Salisbury
72,01/22/1957,J.Rutledge
73,08/09/1965,C.Miller
74,,F.Seurer
75,,E.Rubbert
76,,J.Fourcade
77,,M.Hohensee
78,,K.Karcher
79,04/25/1959,B.Mathison
80,,Matt Stevens
81,,S.Tinsley
82,02/07/1961,R.Neuheisel
83,06/14/1955,V.Evans
84,11/06/1964,E.Kramer
85,,S.Halloran
86,05/11/1962,S.Bono
87,,M.Busch
88,,T.Hons
89,,K.Mackey
90,05/06/1961,A.Risher
91,,T.Adams
92,,J.Christensen
93,,D.Norrie
94,,G.Danielson
95,,K.Sweeney
96,,Mi.Kelley
97,09/05/1958,B.Gagliano
98,,T.Nugent
99,,M.Horn
100,,S.Garza
101,,L.Snyder
102,01/11/0165,A.Breen
103,,J.Reaves
104,,M.Hold
105,,Be.Bennett
106,,W.Gillus
107,,J.Crocicchia
108,,T.Robinson
109,05/31/1964,A.Espinoza
110,,S.Stankavage
111,,B.McClure
112,03/06/1969,D.May
113,,J.Zorn
114,,J.Van Raaphorst
115,,La.Miller
116,,D.Walter
117,06/01/1964,B.Bleier
118,,S.Bradley
119,,D.Manucci
120,,S.Payton
121,,G.Merkens
122,,W.Totten
123,,Mark Stevens
124,,K.Ingram
125,10/02/1962,M.Rypien
126,10/12/1965,C.Chandler
127,03/07/1965,S.Beuerlein
128,09/13/1960,M.Pagel
129,04/22/1961,J.Hostetler
130,07/06/1964,K.Stouffer
131,12/20/1965,R.Gannon
132,10/25/1963,M.Vlasic
133,11/22/1963,H.Millen
134,11/05/1963,C.Carlson
135,12/05/1959,B.Laufenberg
136,,R.Turner
137,,Ma.Wilson
138,03/16/1966,R.Peete
139,02/07/1966,B.J.Tolliver
140,12/01/1966,S.Walsh
141,02/06/1966,T.Tupa
142,11/21/1966,T.Aikman
143,11/19/1965,E.Wilhelm
144,11/08/1964,S.Secules
145,04/14/1965,S.Humphries
146,10/27/1966,T.Rosenbach
147,01/28/1967,T.Hodson
148,03/28/1965,A.Dilweg
149,12/08/1967,J.George
150,01/04/1967,P.T.Willis
151,04/05/1968,Tr.Taylor
152,05/19/1967,J.Friesz
153,,R.Strom
154,07/31/1968,A.Ware
155,07/03/1966,N.O'Donnell
156,12/04/1962,S.Gelbaugh
157,07/04/1969,T.Marinovich
158,11/22/1967,D.Hollas
159,10/13/1967,B.Goebel
160,05/23/1966,J.Carlson
161,10/10/1969,B.Favre
162,09/02/1971,T.Maddox
163,11/01/1968,K.Graham
164,02/17/1969,D.Klingler
165,12/13/1967,S.Zolak
166,04/29/1968,B.Nagle
167,09/25/1966,T.Philcox
168,05/17/1969,C.Erickson
169,04/17/1970,T.Sacca
170,02/25/1970,D.Brown
171,12/04/1970,J.Blake
172,04/04/1968,Sh.Moore
173,12/18/1967,D.McGwire
174,02/05/1968,W.Furrer
175,01/02/1968,S.Mitchell
176,10/29/1968,T.J.Rubley
177,02/14/1972,D.Bledsoe
178,03/19/1970,R.Mirer
179,04/22/1967,M.Buck
180,02/29/1968,C.Conklin
181,01/31/1968,D.Pederson
182,03/28/1966,J.Garrett
183,02/03/1969,C.Weldon
184,07/31/1971,G.Frerotte
185,12/31/1971,H.Shuler
186,02/07/1969,B.Richardson
187,08/13/1970,E.Grbac
188,09/13/1968,B.Johnson
189,09/17/1970,M.Brunell
190,03/13/1972,T.Dilfer
191,09/06/1972,E.Zeier
192,12/30/1972,K.Collins
193,02/14/1973,S.McNair
194,05/01/1970,A.Van Pelt
195,11/11/1967,B.Musgrave
196,01/08/1971,B.Hobert
197,10/30/1967,T.Detmer
198,05/09/1972,D.Barr
199,02/09/1971,J.Miller
200,05/19/1968,P.Justin
201,10/10/1970,G.Foley
202,11/05/1971,T.Collins
203,10/16/1972,K.Stewart
204,04/05/1973,T.Banks
205,06/01/1970,S.Matthews
206,04/24/1971,J.Brohm
207,02/08/1970,J.Martin
208,04/17/1973,J.Lewis
209,08/10/1970,G.Torretta
210,12/11/1970,D.Nussmeier
211,11/21/1973,D.Kanell
212,09/20/1972,B.Hoying
213,12/19/1974,J.Plummer
214,05/27/1974,D.Wuerffel
215,04/15/1971,C.Whelihan
216,03/18/1973,R.Johnson
217,09/21/1972,J.Kitna
218,12/23/1971,S.Stenstrom
219,07/07/1972,S.Case
220,12/23/1973,T.Graziani
221,09/19/1972,J.Druckenmiller
222,07/09/1973,K.Holcomb
223,03/24/1976,P.Manning
224,12/05/1974,C.Batch
225,07/09/1970,T.Green
226,07/05/1973,K.Detmer
227,05/15/1976,R.Leaf
228,07/09/1973,D.Huard
229,02/06/1973,E.Kresser
230,06/22/1971,K.Warner
231,09/05/1975,M.Moreno
232,02/27/1975,J.Quinn
233,02/24/1970,J.Garcia
234,03/18/1975,B.Griese
235,08/06/1972,R.Lucas
236,12/29/1971,J.Fiedler
237,05/29/1977,S.King
238,01/12/1977,C.McNown
239,08/21/1975,Ak.Smith
240,07/31/1977,T.Couch
241,11/25/1976,D.McNabb
242,09/25/1975,M.Hasselbeck
243,08/11/1975,J.Germaine
244,01/10/1975,J.Delhomme
245,01/28/1977,D.Culpepper
246,03/24/1976,A.Brooks
247,04/15/1976,B.Huard
248,05/15/1976,M.Bishop
249,07/02/1976,C.Greisen
250,04/17/1973,Jeff Lewis
251,10/27/1977,D.Johnson
252,07/19/1967,A.Wright
253,08/10/1978,S.Wynn
254,08/03/1977,T.Brady
255,10/13/1977,Q.Carter
256,02/08/1979,M.McMahon
257,06/26/1980,M.Vick
258,07/31/1972,C.Weinke
259,08/01/1972,T.Bouman
260,05/16/1977,A.J.Feeley
261,01/15/1979,D.Brees
262,07/17/1977,T.Brown
263,06/26/1976,C.Pennington
264,05/03/1977,J.Jackson
265,04/19/1974,D.Craig
266,12/29/1977,C.Stoerner
267,09/04/1975,M.Lytle
268,04/05/1977,M.Bulger
269,07/07/1977,C.Redman
270,02/14/1979,P.Ramsey
271,10/21/1978,J.Harrington
272,02/21/1977,C.Hutchinson
273,07/21/1979,D.Carr
274,12/31/1969,C.Sauter
275,08/17/1979,A.Randle El
276,03/15/1977,T.Rattay
277,05/07/1984,A.Smith
278,02/14/1978,D.Garrard
279,09/18/1978,R.Fasani
280,07/04/1979,J.McCown
281,12/31/1969,H.Burris
282,01/14/1980,B.Leftwich
283,04/06/1978,T.Hasselbeck
284,06/17/1981,K.Boller
285,10/05/1978,J.Palmer
286,01/23/1980,K.Kittner
287,04/28/1976,B.Volek
288,03/22/1979,M.Tuiasosopo
289,08/23/1980,R.Grossman
290,07/25/1978,T.Martin
291,10/03/1979,D.Ragone
292,03/02/1982,B.Roethlisberger
293,12/27/1979,C.Palmer
294,01/03/1981,E.Manning
295,04/22/1981,K.Dorsey
296,07/12/1981,L.McCown
297,07/01/1981,C.Krenzel
298,04/21/1979,C.Nall
299,12/03/1980,J.Sorgi
300,04/14/1978,R.Davey
301,11/15/1979,B.Bollinger
302,02/13/1980,D.Henson
303,06/30/1980,C.Pickett
304,03/06/1978,S.Rosenfels
305,09/09/1980,J.Navarre
306,08/29/1980,C.Simms
307,06/25/1981,M.Schaub
308,11/24/1982,R.Fitzpatrick
309,08/28/1981,C.Frye
310,03/12/1981,J.P.Losman
311,11/14/1982,K.Orton
312,05/21/1979,Q.Gray
313,05/17/1982,M.Cassel
314,08/18/1983,D.Orlovsky
315,02/12/1979,M.Mauck
316,08/06/1980,S.Wallace
317,12/08/1981,P.Rivers
318,12/02/1983,A.Rodgers
319,04/03/1980,B.Van Pelt
320,04/21/1980,T.Romo
321,05/11/1983,M.Leinart
322,12/31/1981,J.Campbell
323,05/18/1983,V.Young
324,04/29/1983,J.Cutler
325,06/15/1983,D.Anderson
326,01/27/1983,B.Gradkowski
327,05/11/1982,A.Walter
328,08/16/1979,C.Lemon
329,05/11/1983,B.Basanez
330,04/21/1983,T.Jackson
331,08/09/1984,M.Moore
332,10/30/1983,T.Edwards
333,02/06/1983,B.Croyle
334,06/06/1983,K.Clemens
335,08/21/1981,J.Beck
336,01/09/1980,S.Hill
337,07/20/1984,T.Smith
338,08/25/1979,J.T.O'Sullivan
339,07/14/1981,B.Berlin
340,08/09/1985,J.Russell
341,05/17/1985,M.Ryan
342,01/16/1985,J.Flacco
343,04/14/1984,T.Thigpen
344,07/02/1985,C.Henne
345,05/07/1984,D.Stanton
346,10/27/1984,B.Quinn
347,08/24/1984,K.Kolb
348,,J.Johnson
349,11/11/1986,M.Sanchez
350,01/13/1988,J.Freeman
351,09/24/1985,K.Null
352,02/07/1988,M.Stafford
353,10/13/1985,B.Hoyer
354,01/11/1985,D.Dixon
355,06/20/1985,M.Flynn
356,09/23/1985,B.Brohm
357,06/24/1985,C.Painter
358,02/25/1986,P.White
359,09/05/1986,C.McCoy
360,08/06/1982,C.Whitehurst
361,11/08/1987,S.Bradford
362,03/17/1988,J.Skelton
363,09/21/1987,J.Clausen
364,08/14/1987,T.Tebow
365,09/27/1985,S.McGee
366,03/10/1986,T.Pike
367,11/14/1986,J.Webb
368,02/03/1983,R.Bartel
369,11/28/1979,B.St. Pierre
370,01/28/1987,R.Smith
371,10/01/1985,M.Hall
372,10/29/1987,A.Dalton
373,05/11/1989,C.Newton
374,05/28/1987,T.J.Yates
375,08/09/1983,T.Palko
376,02/25/1988,C.Ponder
377,09/11/1985,C.Hanie
378,10/15/1989,B.Gabbert
379,06/15/1988,J.Locker
380,07/25/1987,M.Kafka
381,05/28/1987,T.Yates
382,11/29/1988,R.Wilson
383,02/12/1990,R.Griffin
384,11/03/1987,C.Kaepernick
385,03/12/1989,A.Luck
386,07/27/1988,R.Tannehill
387,01/20/1989,N.Foles
388,10/14/1983,B.Weeden
389,06/22/1989,R.Lindley
390,08/19/1988,K.Cousins
391,02/01/1985,T.Lewis
392,06/20/1989,T.Pryor
393,08/03/1989,T.Taylor
394,05/10/1988,G.McElroy
395,12/12/1989,M.Glennon
396,12/02/1989,M.McGloin
397,03/19/1990,EJ Manuel
398,02/17/1988,C.Keenum
399,10/10/1990,G.Smith
400,01/09/1987,S.Tolzien
401,11/22/1990,B.Osweiler
402,10/07/1986,C.Daniel
403,09/27/1988,M.Simms
404,09/08/1990,M.Barkley
405,02/12/1991,J.Tuel
406,03/19/1990,E.J.Manuel
407,06/02/1989,A.Davis
408,11/10/1992,T.Bridgewater
409,07/16/1991,Z.Mettenberger
410,04/28/1992,B.Bortles
411,06/05/1988,R.Mallett
412,02/11/1991,J.Garoppolo
413,07/01/1991,L.Thomas
414,04/26/1990,T.Savage
415,09/19/1991,C.Shaw
416,12/06/1992,J.Manziel
417,01/06/1994,J.Winston
418,10/30/1993,M.Mariota
419,,AJ.McCarron
420,04/04/1989,L.Jones
421,07/05/1988,K.Moore
422,11/11/1987,A.Tanney
423,07/29/1993,D.Prescott
424,12/26/1991,T.Siemian
425,04/11/1993,C.Kessler
426,12/30/1992,C.Wentz
427,10/14/1994,J.Goff
428,12/11/1992,J.Brissett
429,08/22/1993,T.Boykin
430,01/29/1993,C.Cook
431,02/12/1994,P.Lynch
432,10/29/1992,C.Jones
433,06/15/1993,B.Hundley
434,10/20/1992,K.Hogan
435,05/31/1991,B.Petty
436,09/14/1995,D.Watson
437,08/20/1994,M.Trubisky
438,11/16/1993,C.J.Beathard
439,01/03/1996,D.Kizer
440,09/17/1995,P.Mahomes
441,10/04/1990,D.Fales
442,09/13/1990,AJ McCarron
443,10/07/1993,N.Sudfeld
444,04/23/1992,S.Mannion
445,05/04/1994,N.Peterman