0,03/18/1961,C.Warner
1,12/08/1958,G.Rogers
2,12/28/1958,J.Brooks
3,09/02/1960,E.Dickerson
4,12/18/1959,E.Jackson
5,03/21/1961,J.Jones
6,09/15/1960,J.Morris
7,11/06/1960,G.Riggs
8,03/03/1962,H.Walker
9,11/01/1954,W.Payton
10,03/12/1962,L.Hampton
11,,W.Abercrombie
12,07/10/1960,R.Craig
13,06/06/1963,R.Mayes
14,08/09/1962,K.Mack
15,,S.Mitchell
16,,L.Kinnebrew
17,11/23/1964,J.L.Williams
18,,B.Redden
19,,D.Nelson
20,04/16/1962,K.Davis
21,04/07/1954,T.Dorsett
22,,G.James
23,,S.Winder
24,04/22/1959,F.McNeil
25,,J.Cribbs
26,11/26/1960,J.Hector
27,04/18/1961,G.W.Anderson
28,10/06/1963,N.McCallum
29,,M.Pruitt
30,,C.Dickey
31,03/26/1960,M.Allen
32,,R.Riddick
33,01/21/1964,D.Hilliard
34,,E.Ferrell
35,,C.Adams
36,10/14/1963,K.Byars
37,03/01/1961,M.Rozier
38,,J.Wilder
39,,R.McMillan
40,,C.James
41,11/05/1971,T.Collins
42,,S.Wilson
43,,C.Austin
44,,G.Willhite
45,,T.Nathan
46,01/04/1962,T.Sanders
47,04/24/1961,M.Carthon
48,10/18/1962,L.Rouson
49,04/02/1963,S.Sewell
50,,G.Bell
51,,R.Wallace
52,,W.Bennett
53,,F.Hawkins
54,,T.Brown
55,,R.Erenberg
56,,A.Toney
57,,B.Johnson
58,,W.Andrews
59,,C.White
60,,W.Tyler
61,08/04/1961,A.Anderson
62,,C.Byrum
63,,G.Ellis
64,,K.Bryant
65,,J.Smith
66,12/22/1962,R.Davenport
67,,S.Stamps
68,,M.Suhey
69,,R.Springs
70,,T.Spencer
71,01/19/1957,O.Anderson
72,10/07/1962,T.Rathman
73,,N.Wonsley
74,,G.Ellerson
75,,H.Heard
76,,C.Crawford
77,,T.Newsome
78,,P.O.Carruth
79,,G.Lang
80,,M.Haddix
81,,B.Howard
82,,F.Pollard
83,,H.Fontenot
84,04/07/1963,Ri.Moore
85,,K.Griffin
86,08/16/1960,B.McGee
87,08/15/1960,A.Bentley
88,08/14/1964,N.Anderson
89,07/16/1971,C.Thomas
90,09/15/1962,E.Byner
91,01/25/1964,A.Pinkett
92,,O.Gill
93,,R.Weathers
94,,G.Wonsley
95,,C.Banks
96,04/05/1962,A.Rice
97,,D.Harmon
98,,L.James
99,,D.Bligen
100,,B.Green
101,06/26/1962,B.Jordan
102,,B.Woolfolk
103,05/07/1964,R.Harmon
104,,L.Moriarty
105,10/14/1962,T.Paige
106,,J.Tautalatasi
107,04/26/1955,M.Tatupu
108,,E.L.Ivery
109,,T.Galbreath
110,,H.Hunter
111,08/29/1962,V.Sikahema
112,12/11/1970,D.Hughes
113,,M.Guman
114,,J.Clark
115,10/30/1962,B.Jackson
116,09/11/1964,T.Stradford
117,08/16/1961,C.Okoye
118,,J.Mueller
119,,B.Fullwood
120,,Ea.Jackson
121,,To.Collins
122,,Jo.Morris
123,,R.Dupard
124,08/04/1961,Al.Anderson
125,03/12/1962,S.Jennings
126,01/17/1963,B.Word
127,,K.Bernard
128,12/07/1964,R.Fenney
129,,P.Palmer
130,09/09/1964,T.Manoa
131,10/14/1962,R.Wolfley
132,,D.J.Dozier
133,10/16/1964,B.Perryman
134,,V.Mueller
135,06/26/1959,H.Sydney
136,,Ti.Smith
137,02/26/1965,A.Highsmith
138,,R.Porter
139,,R.Morris
140,12/22/1962,G.Adams
141,,S.Strachan
142,,Ti.Spencer
143,,J.Francis
144,,R.Vick
145,,J.Settle
146,,Ro.Carter
147,01/26/1965,M.Hoge
148,03/16/1961,M.Gray
149,,N.Poole
150,,D.McAdoo
151,,Ro.Scott
152,,C.Ellis
153,05/09/1965,M.Logan
154,,Ja.Robinson
155,,A.Jackson
156,,L.Vital
157,,D.Beverly
158,,J.Dudek
159,,R.Parker
160,,L.Heimuli
161,,K.Willhite
162,,M.Everett
163,,D.Wright
164,,C.Wester
165,,R.DiRico
166,,R.Badanjek
167,05/27/1968,C.Smith
168,,C.Brewer
169,,V.Williams
170,,A.Blount
171,,F.Middleton
172,,L.Mason
173,,M.LeBlanc
174,,D.McCluskey
175,,Re.Brown
176,,Ad.Wright
177,12/19/1962,E.Horton
178,,H.Ricks
179,12/21/1970,E.Hunter
180,,S.Edwards
181,05/08/1972,C.Sanders
182,,Ri.Isom
183,,M.Varajon
184,,B.Sargent
185,,J.Hargrove
186,,J.Tagliaferri
187,,D.Adams
188,,D.Rice
189,,D.Rodgers
190,,C.Bailey
191,,A.Hardy
192,,K.Jenkins
193,,M.Konecny
194,,T.Cherry
195,,T.Jessie
196,,E.Beecham
197,,A.Ross
198,02/12/1970,L.Thomas
199,06/07/1968,A.Walker
200,,E.Davis
201,,J.Chirico
202,,M.Sartin
203,,Go.Brown
204,,J.Sterling
205,,A.Mosley
206,,J.Rodenberger
207,01/28/1964,D.Stone
208,,R.Parros
209,,R.Calhoun
210,,Mi.Williams
211,,S.Caldwell
212,,L.Williams
213,,B.Wilson
214,,E.Lane
215,,J.Shepherd
216,,S.Harrell
217,,C.Gladman
218,,B.Hansen
219,,D.DuBose
220,,F.Parker
221,,J.McIntosh
222,,B.King
223,,W.Wilson
224,,E.Cobble
225,,La.Morris
226,,T.Dollinger
227,,G.Jean-Batiste
228,,Ji.Smith
229,,M.Morton
230,,D.Clark
231,,L.Weigel
232,,D.Land
233,,K.Park
234,,A.Thomas
235,,J.Womack
236,,C.McLemore
237,,V.Alexander
238,,R.Harrison
239,,C.McSwain
240,,S.Driver
241,,N.Granger
242,,F.Harris
243,,K.Lacy
244,,To.Spencer
245,,D.Bradley
246,,C.Monroe
247,,G.White
248,,J.Kamana
249,,G.Hawthorne
250,,P.Frye
251,,E.J.Jones
252,,J.Covington
253,02/28/1966,I.Woods
254,,L.Tate
255,02/23/1966,J.Stephens
256,,W.Howard
257,,Ja.Morris
258,05/16/1966,T.Thomas
259,06/29/1970,T.Smith
260,03/23/1966,J.Saxon
261,09/26/1966,C.Heyward
262,08/30/1964,S.Smith
263,04/11/1965,B.Muster
264,,K.Goode
265,04/12/1966,L.White
266,09/18/1972,D.Harris
267,,To.Jordan
268,11/02/1965,R.Delpino
269,07/29/1965,W.Williams
270,08/01/1966,G.Green
271,,J.Primus
272,07/29/1964,K.Woodside
273,05/19/1963,M.Oliphant
274,,D.Clack
275,,D.Smith
276,07/16/1968,B.Sanders
277,10/11/1966,B.Humphrey
278,08/01/1966,M.Butts
279,01/23/1968,E.Metcalf
280,09/24/1966,T.Worley
281,,K.L.Jones
282,01/03/1966,C.Taylor
283,07/01/1966,E.Ball
284,10/07/1965,T.McNair
285,01/16/1965,J.Alexander
286,,M.Bratton
287,,P.Frazier
288,05/04/1966,C.Gary
289,03/27/1967,H.Sherman
290,06/21/1967,R.Drummond
291,04/16/1966,Le.Tillman
292,04/30/1966,D.Meggett
293,03/20/1966,K.Jones
294,09/24/1964,T.Flagler
295,04/11/1966,M.Higgs
296,,T.Baker
297,02/10/1966,D.Johnston
298,02/08/1965,R.Bernstine
299,,R.Carter
300,,K.Scott
301,04/06/1967,D.Fenner
302,05/15/1969,E.Smith
303,05/05/1967,B.Baxter
304,06/11/1968,J.Johnson
305,04/03/1969,R.Hampton
306,10/07/1967,B.Thomas
307,04/08/1967,A.Thompson
308,09/15/1967,D.Carter
309,02/22/1967,S.Broussard
310,07/07/1968,R.Cobb
311,12/08/1968,B.Foster
312,08/24/1963,G.Fenerty
313,01/29/1968,H.Green
314,03/22/1967,M.Green
315,11/29/1966,T.Johnson
316,10/11/1966,B.Ezor
317,02/22/1964,T.Agee
318,08/15/1966,D.Gainer
319,03/17/1967,J.Bailey
320,12/28/1966,J.Harvey
321,04/16/1966,L.Tillman
322,11/23/1967,D.Thompson
323,05/15/1968,L.Hoard
324,09/10/1966,Bi.Jones
325,05/03/1967,R.Bell
326,02/02/1967,J.Dixon
327,12/07/1968,R.Ervins
328,02/21/1968,T.Allen
329,06/20/1968,F.McAfee
330,08/04/1966,K.Henderson
331,01/07/1969,E.Pegram
332,06/11/1966,K.Clark
333,10/28/1967,J.Joseph
334,11/17/1969,L.Russell
335,04/22/1967,H.Williams
336,08/19/1968,N.Bell
337,08/10/1969,Gr.Lewis
338,03/21/1961,J.R.Jones
339,03/12/1970,J.Vaughn
340,04/19/1967,P.Chaffey
341,01/30/1969,M.Dingle
342,05/22/1964,M.Dupree
343,05/09/1968,V.Workman
344,01/13/1969,R.Wilson
345,12/18/1968,A.Craver
346,10/25/1967,A.Johnson
347,07/04/1968,D.Loville
348,02/03/1969,L.Thompson
349,12/18/1966,J.Rouse
350,11/27/1966,C.Gardner
351,11/16/1966,I.J.Hunter
352,06/01/1968,L.Centers
353,01/06/1967,V.Turner
354,04/07/1969,R.Watters
355,01/24/1968,C.Warren
356,08/09/1968,J.Bunch
357,12/23/1969,R.Culver
358,09/04/1968,V.Dunbar
359,02/22/1968,R.Rivers
360,10/01/1971,A.Lee
361,03/28/1967,D.Lang
362,12/16/1968,D.Lewis
363,08/15/1969,E.Bieniemy
364,03/23/1968,S.Lockwood
365,02/20/1969,T.Vardell
366,,I.L.Brown
367,02/15/1969,E.Bennett
368,12/26/1968,C.Richards
369,10/04/1965,A.B.Brown
370,11/12/1968,A.McDowell
371,06/12/1969,K.Turner
372,09/10/1966,K.Anders
373,02/16/1972,J.Bettis
374,07/01/1969,G.Brown
375,04/26/1972,N.Means
376,01/26/1970,Ron.Moore
377,03/28/1969,S.Graham
378,01/19/1971,Reg.Brooks
379,08/07/1969,G.Robinson
380,04/15/1971,D.Brown
381,01/08/1971,R.Potts
382,01/20/1970,T.Kirby
383,03/04/1972,R.Smith
384,08/18/1968,B.Mitchell
385,10/13/1967,De.Moore
386,12/27/1970,L.Neal
387,05/16/1970,E.Lynch
388,08/12/1969,L.Coleman
389,08/03/1970,M.Royster
390,10/07/1970,V.Hebron
391,10/16/1970,A.Murrell
392,02/19/1971,G.Milburn
393,01/26/1970,D.Lassic
394,08/06/1970,O.Miles
395,08/03/1970,T.Montgomery
396,03/07/1969,S.Gash
397,05/22/1971,C.Croom
398,01/04/1971,G.Hearst
399,06/15/1968,T.Lester
400,11/14/1968,B.Christian
401,06/30/1957,R.Green
402,01/05/1969,D.Ned
403,01/13/1972,B.Morris
404,09/16/1967,B.Parmalee
405,12/23/1970,R.Harris
406,12/11/1970,E.Rhett
407,01/16/1973,Ma.Bates
408,02/26/1973,M.Faulk
409,02/23/1972,G.Hill
410,02/13/1972,C.Garner
411,04/15/1971,De.Brown
412,12/21/1970,I.Spikes
413,09/11/1971,M.Strong
414,02/17/1972,W.Floyd
415,11/27/1970,C.Jones
416,09/13/1971,R.Anderson
417,06/28/1971,J.Cothran
418,09/14/1972,D.Bennett
419,08/19/1967,R.Baldwin
420,01/15/1971,LeShon.Johnson
421,11/17/1967,H.Griffith
422,08/23/1970,K.Rasheed
423,05/27/1968,Ced.Smith
424,04/20/1971,Y.Jourdain
425,11/29/1966,Tr.Johnson
426,10/28/1972,T.Davis
427,05/01/1973,C.Martin
428,12/27/1971,J.Stewart
429,06/07/1973,N.Kaufman
430,04/13/1973,A.Hayden
431,07/01/1971,D.Holmes
432,10/08/1974,R.Salaam
433,03/30/1973,R.Thomas
434,12/20/1971,J.Ellison
435,05/21/1970,D.Levens
436,03/25/1973,R.Zellars
437,09/14/1973,T.Fletcher
438,09/30/1972,J.Anderson
439,01/30/1972,B.Moss
440,11/29/1970,L.Smith
441,01/19/1972,T.Wheatley
442,10/07/1970,L.Maston
443,08/13/1973,S.Williams
444,06/06/1970,R.Jordan
445,01/04/1973,L.Warren
446,08/23/1972,T.Carter
447,04/16/1967,C.Evans
448,08/18/1966,S.Avery
449,02/03/1972,K.Elias
450,12/27/1972,C.Way
451,09/19/1972,F.McCrary
452,09/24/1973,E.George
453,06/28/1974,K.Abdul-Jabbar
454,01/15/1971,LeShon Johnson
455,05/12/1975,L.Phillips
456,03/01/1974,S.Davis
457,09/12/1973,K.Carter
458,12/21/1973,M.Alstott
459,12/21/1968,A.Lynn
460,02/19/1971,W.Henderson
461,12/05/1971,M.Grier
462,12/02/1972,Z.Crockett
463,07/14/1972,J.Aska
464,07/30/1972,C.Groce
465,06/06/1972,G.Downs
466,06/12/1970,F.Bradley
467,01/24/1974,T.Biakabutuka
468,02/01/1973,M.Hicks
469,05/05/1972,T.Jervey
470,12/21/1971,R.Whittle
471,06/25/1974,L.McElroy
472,03/03/1973,W.Oliver
473,06/26/1972,J.McPhail
474,12/22/1973,S.Pritchett
475,10/24/1974,C.Dillon
476,09/06/1975,F.Lane
477,03/14/1972,A.Smith
478,01/05/1975,W.Dunn
479,04/07/1975,T.Barber
480,11/20/1974,J.Moore
481,06/19/1976,D.Autry
482,02/17/1974,T.Hall
483,06/01/1972,S.Greene
484,12/26/1972,D.Cullors
485,01/23/1976,B.Hanspard
486,07/14/1975,Ja.Graham
487,03/21/1973,L.Bowie
488,10/09/1966,M.Williams
489,05/29/1974,K.Bynum
490,07/13/1974,Leon Johnson
491,09/14/1975,Tr.Davis
492,12/31/1973,G.Jones
493,08/23/1972,Tony Carter
494,01/07/1973,B.Milne
495,04/30/1971,T.Hallock
496,01/14/1970,T.Hughes
497,11/17/1974,M.Edwards
498,01/27/1976,F.Taylor
499,02/27/1975,D.Staley
500,10/07/1973,P.Holmes
501,10/13/1974,S.Hicks
502,06/15/1976,C.Enis
503,10/02/1974,R.Edwards
504,01/11/1976,J.Avery
505,09/07/1972,R.Chancey
506,11/07/1974,J.Linton
507,03/28/1975,J.Allen
508,12/17/1971,T.Richardson
509,09/04/1975,J.Henley
510,01/07/1972,C.Levy
511,02/24/1975,W.Perry
512,02/16/1977,A.Green
513,02/17/1974,Ta.Banks
514,04/16/1976,T.Stephens
515,02/03/1973,B.Bennett
516,09/18/1972,R.Huntley
517,09/15/1972,D.Shelton
518,06/20/1975,R.Shehee
519,11/16/1973,S.Shaw
520,08/14/1975,M.Pittman
521,01/21/1974,J.Sowell
522,12/11/1975,R.Holcombe
523,09/04/1974,J.Ritchie
524,03/04/1977,C.Fuamatu-Ma'afala
525,06/01/1972,J.Witman
526,08/01/1978,E.James
527,05/18/1975,O.Gary
528,06/08/1976,J.Montgomery
529,10/04/1975,K.Oxendine
530,04/20/1974,J.J.Johnson
531,11/19/1976,C.Collins
532,05/22/1977,R.Williams
533,09/18/1974,F.Beasley
534,12/24/1976,D.Parker
535,07/01/1975,M.Cloud
536,09/07/1975,Bas.Mitchell
537,11/09/1975,S.Bennett
538,09/03/1977,M.Basnight
539,03/30/1978,S.Irvin
540,12/08/1976,A.Denson
541,01/14/1975,J.Fazande
542,01/07/1975,J.Watson
543,06/23/1972,C.Schlesinger
544,06/06/1976,K.Faulk
545,,R.Brown
546,11/12/1976,R.Konrad
547,03/30/1977,N.Williams
548,07/29/1975,G.Comella
549,10/06/1975,J.Makovicka
550,01/31/1977,J.Kleinsasser
551,07/08/1975,Ce.Martin
552,09/21/1973,M.Anderson
553,08/29/1979,J.Lewis
554,11/30/1976,S.Bryson
555,12/08/1976,T.Prentice
556,12/30/1965,T.Jones
557,03/14/1978,R.Dayne
558,09/28/1977,J.R.Redmond
559,03/24/1977,S.Morris
560,11/07/1975,S.Alexander
561,02/11/1978,J.White
562,11/27/1972,C.Hetherington
563,01/05/1978,M.Wiley
564,05/22/1978,K.Coleman
565,04/04/1977,C.Morton
566,04/02/1978,S.Stith
567,09/09/1976,F.Moreau
568,11/11/1976,B.Hoover
569,05/05/1975,C.Howard
570,06/26/1975,S.Mack
571,03/05/1975,O.Ayanbadejo
572,08/30/1977,Sh.Alexander
573,01/17/1979,D.Rhodes
574,11/06/1976,T.Hambrick
575,08/13/1978,M.Bennett
576,01/07/1979,K.Barlow
577,10/06/1978,C.Buckhalter
578,01/05/1976,J.Brookins
579,06/24/1979,L.Tomlinson
580,10/29/1978,T.Henry
581,08/04/1976,J.Jackson
582,09/07/1976,M.Smith
583,03/03/1977,T.Canidate
584,11/11/1978,L.Jordan
585,10/08/1976,A.Zereoue
586,01/10/1976,T.Jackson
587,08/30/1978,E.Joseph
588,07/13/1974,L.Johnson
589,06/30/1979,T.Minor
590,11/13/1975,A.Stecker
591,02/20/1977,D.Washington
592,08/22/1977,D.Chapman
593,08/21/1978,R.Droughns
594,02/28/1980,B.Gay
595,01/26/1978,N.Goings
596,12/27/1978,D.McAllister
597,02/24/1973,H.Morrow
598,06/06/1974,P.Hape
599,12/31/1977,P.Pass
600,11/20/1977,S.Trejo
601,02/08/1979,J.Cook
602,09/01/1981,C.Portis
603,03/13/1978,K.Watson
604,02/17/1981,T.J.Duckett
605,08/08/1978,M.Shipp
606,12/17/1979,W.Green
607,07/21/1979,J.Wells
608,02/13/1978,J.Mungro
609,12/02/1979,M.Morris
610,02/08/1979,N.Davenport
611,09/02/1979,B.Westbrook
612,10/12/1979,T.Fisher
613,07/12/1979,A.Cason
614,08/27/1979,L.Betts
615,07/17/1979,D.Anderson
616,01/07/1980,L.Gordon
617,03/11/1977,D.Kreider
618,12/11/0978,J.Simon
619,12/04/1979,R.Cartwright
620,04/11/1980,C.Stackhouse
621,01/17/1977,A.Ricard
622,04/30/1977,J.Hodgins
623,10/01/1979,R.Johnson
624,03/09/1979,J.Baxter
625,12/30/1978,H.Evans
626,01/24/1976,J.Fenderson
627,08/23/1979,D.Blaylock
628,12/08/1980,O.Smith
629,10/01/1980,D.Davis
630,01/10/1980,D.Foster
631,07/21/1980,J.Griffith
632,02/11/1980,B.Forsey
633,08/11/1980,L.Suggs
634,01/25/1980,J.Fargas
635,09/24/1980,L.Toefield
636,01/10/1977,J.Robertson
637,07/01/1979,A.Peterson
638,04/22/1980,A.Harris
639,01/09/1977,R.Smart
640,02/17/1979,V.Haynes
641,12/01/1981,T.Hollings
642,09/15/1979,J.Burns
643,04/17/1981,C.Brown
644,01/12/1981,Q.Griffin
645,01/05/1978,A.Pinner
646,12/09/1976,J.Finn
647,06/17/1978,M.Norris
648,07/23/1983,S.Jackson
649,10/22/1981,W.McGahee
650,03/02/1981,T.Bell
651,07/25/1982,M.Moore
652,09/22/1979,J.Chatman
653,10/12/1980,R.Lee
654,11/11/1980,W.Parker
655,02/14/1982,M.Turner
656,12/11/1979,J.Scobey
657,06/03/1980,R.Mahe
658,10/29/1981,L.Croom
659,01/09/1981,C.Cobbs
660,01/05/1978,L.Henry
661,10/01/1980,T.Fleming
662,12/15/1978,K.Johnson
663,05/22/1980,J.McKie
664,02/29/1980,D.Barnes
665,02/22/1978,J.Goodspeed
666,04/05/1978,J.Parry
667,05/15/1983,F.Gore
668,04/21/1982,C.Williams
669,06/11/1983,M.Barber
670,11/13/1982,S.Gado
671,01/23/1983,J.J.Arrington
672,06/28/1982,C.Houston
673,12/27/1981,C.Perry
674,05/21/1981,T.Thompson
675,12/17/1982,R.Moats
676,02/04/1980,V.Morency
677,08/31/1980,D.Ward
678,07/07/1982,B.Jacobs
679,08/10/1982,A.Pearman
680,12/26/1980,J.Payton
681,04/03/1982,N.Herron
682,10/29/1982,C.Fason
683,12/29/1982,C.Benson
684,01/16/1980,E.Graham
685,09/15/1981,L.Polite
686,08/27/1981,M.Hedgecock
687,07/06/1981,M.Karney
688,08/26/1980,D.Wimbush
689,05/19/1982,J.P.Foschi
690,01/31/1978,P.Smith
691,11/07/1981,V.Leach
692,05/04/1983,J.Addai
693,03/24/1985,M.Jones-Drew
694,08/30/1982,L.Washington
695,04/23/1983,M.Bell
696,04/26/1983,D.Williams
697,03/03/1985,R.Bush
698,09/08/1983,W.Lundy
699,02/05/1985,L.Maroney
700,07/30/1983,J.Norwood
701,02/17/1981,T.Duckett
702,07/12/1982,J.Wright
703,02/27/1983,J.Harrison
704,02/07/1983,M.Robinson
705,03/28/1980,T.Tapeh
706,06/11/1980,O.Mughelli
707,11/14/1979,A.Hall
708,04/08/1981,J.Dugan
709,08/19/1980,B.Askew
710,04/14/1981,B.Miree
711,07/21/1975,M.Sellers
712,12/12/1978,C.Sapp
713,07/14/1980,K.Keith
714,12/09/1982,R.Grant
715,10/01/1983,S.Young
716,04/23/1986,M.Lynch
717,12/15/1984,K.Smith
718,12/19/1984,P.Thomas
719,08/01/1984,D.Dorsey
720,02/21/1981,F.Jackson
721,03/20/1986,A.Bradshaw
722,10/21/1985,D.Walker
723,10/09/1983,D.Wynn
724,09/23/1982,L.Weaver
725,06/14/1984,L.Booker
726,02/04/1984,B.Leonard
727,06/20/1983,D.Sproles
728,12/19/1985,A.Pittman
729,06/06/1985,C.Henry
730,10/21/1980,A.Echemandu
731,12/30/1981,K.Eckel
732,10/08/1983,C.Dawson
733,08/17/1984,G.Wolfe
734,08/22/1981,K.Wilson
735,05/09/1983,L.Vickers
736,08/05/1983,K.Hall
737,03/27/1981,C.Davis
738,12/28/1984,L.McClain
739,09/24/1985,C.Johnson
740,01/05/1986,S.Slaton
741,01/23/1987,R.Rice
742,08/28/1987,D.McFadden
743,12/11/1985,M.Forte
744,05/23/1986,T.Hightower
745,11/21/1984,T.Choice
746,01/22/1986,P.Hillis
747,05/09/1987,F.Jones
748,12/28/1986,J.Charles
749,07/03/1985,B.Green-Ellis
750,09/08/1986,G.Russell
751,06/17/1984,M.Bush
752,12/26/1982,K.Darby
753,01/31/1983,P.Cobbs
754,11/24/1985,M.Tolbert
755,05/09/1985,J.Hester
756,12/30/1983,J.Snelling
757,08/26/1980,L.Lawton
758,07/12/1985,M.Cox
759,10/30/1981,N.Tahi
760,10/15/1985,J.Forsett
761,06/20/1987,R.Mendenhall
762,08/08/1988,C.Wells
763,07/17/1987,K.Moreno
764,07/13/1988,L.McCoy
765,08/25/1986,A.Foster
766,12/11/1986,K.Bell
767,03/26/1985,R.Jennings
768,10/11/1985,A.Brown
769,07/31/1984,L.Hilliard
770,08/05/1985,L.Hamilton
771,07/15/1984,Q.Ganther
772,12/12/1985,C.Jennings
773,02/11/1984,B.Scott
774,06/23/1984,M.Mason
775,04/09/1986,M.Hart
776,05/24/1987,M.Goodson
777,05/01/1987,G.Coffee
778,07/04/1986,J.Felton
779,12/19/1986,T.Sutton
780,01/25/1985,D.Woodhead
781,02/15/1985,D.Savage
782,04/27/1987,L.Stephens-Howling
783,02/14/1985,O.Schmitt
784,03/22/1988,C.Ivory
785,12/06/1986,L.Blount
786,05/02/1987,R.Mathews
787,08/11/1986,R.Torain
788,01/31/1989,J.Best
789,12/12/1983,B.Smith
790,09/10/1982,J.Kuhn
791,08/15/1986,K.Williams
792,04/17/1988,J.McKnight
793,09/18/1987,J.James
794,10/11/1984,I.Redman
795,02/03/1987,J.Ringer
796,03/19/1987,T.Gerhart
797,02/26/1986,J.Starks
798,02/18/1985,D.J.Ware
799,11/19/1986,D.Karim
800,10/02/1983,J.Battle
801,06/24/1985,M.Reece
802,08/16/1987,C.J.Spiller
803,09/25/1987,A.Dixon
804,06/23/1985,E.Buckley
805,06/20/1985,L.Ball
806,02/18/1988,D.Nance
807,12/27/1986,C.Gronkowski
808,08/22/1986,T.Fiammetta
809,05/29/1984,T.Castille
810,08/22/1988,B.Tate
811,02/12/1988,D.Murray
812,12/21/1989,M.Ingram
813,08/26/1988,D.McCluster
814,12/07/1988,R.Helu
815,09/16/1988,K.Hunter
816,10/29/1987,D.Thomas
817,11/26/1987,E.Royster
818,01/27/1989,S.Ridley
819,05/20/1986,C.Ogbonnaya
820,05/16/1984,K.Lumpkin
821,02/06/1990,J.Rodgers
822,09/21/1985,C.Brinkley
823,08/08/1988,P.Tanner
824,02/02/1987,M.Hardesty
825,02/13/1989,C.Clay
826,04/09/1987,D.Young
827,12/03/1988,H.Hynoski
828,03/06/1988,J.Collins
829,05/25/1988,B.Miller
830,12/14/1988,B.Saine
831,11/04/1987,M.Madu
832,11/18/1986,E.Lorig
833,11/09/1984,T.Clutts
834,12/12/1988,A.Morris
835,01/13/1989,D.Martin
836,10/27/1988,B.Powell
837,03/30/1990,M.LeShoure
838,05/10/1991,B.Pierce
839,05/14/1991,B.Brown
840,07/16/1990,V.Ballard
841,07/27/1989,J.Dwyer
842,08/05/1986,J.Bell
843,10/11/1986,C.Peerman
844,01/26/1990,B.Bolden
845,03/02/1989,S.Vereen
846,05/05/1984,M.Owens
847,04/12/1990,D.Richardson
848,04/25/1991,L.Miller
849,12/07/1987,S.Draughn
850,06/15/1991,D.Wilson
851,03/02/1988,C.Rainey
852,03/09/1988,W.Powell
853,09/18/1996,R.Murphy
854,12/02/1989,R.Turbin
855,04/30/1989,A.Allen
856,01/25/1990,L.Dunbar
857,12/30/1985,J.Parmele
858,12/21/1987,B.Batch
859,09/14/1991,R.Hillman
860,11/14/1989,W.Johnson
861,02/04/1987,J.Lane
862,11/14/1987,S.Havili
863,06/02/1990,E.Lacy
864,02/03/1989,A.Ellington
865,12/05/1990,M.Ball
866,04/09/1991,Z.Stacy
867,11/22/1991,G.Bernard
868,02/18/1992,L.Bell
869,10/16/1987,B.Rainey
870,04/13/1991,M.James
871,06/01/1991,E.Baker
872,07/24/1987,M.Asiata
873,12/21/1989,J.Grimes
874,02/24/1990,J.Todman
875,07/07/1990,B.Cunningham
876,12/29/1991,J.Randle
877,12/28/1989,K.Robinson
878,05/26/1988,D.Scott
879,06/09/1991,S.Taylor
880,12/04/1979,D.Johnson
881,02/02/1989,F.Whittaker
882,09/22/1990,D.Robinson
883,05/15/1986,M.Thigpen
884,12/11/1988,A.Sherman
885,12/14/1989,I.Pead
886,04/30/1989,P.DiMarco
887,11/18/1989,C.Gray
888,04/17/1989,J.Olawale
889,09/10/1990,T.Bohanon
890,06/09/1987,J.Conner
891,06/19/1986,W.Ta'ufo'ou
892,10/20/1992,J.Hill
893,02/10/1991,C.J.Anderson
894,03/05/1992,J.McKinnon
895,06/08/1993,T.Mason
896,01/08/1993,I.Crowell
897,09/15/1992,B.Sankey
898,01/28/1991,T.West
899,05/07/1991,B.Oliver
900,08/28/1992,A.Williams
901,04/27/1991,A.Blue
902,06/27/1990,J.Gray
903,05/13/1992,J.Thompson
904,10/30/1992,K.Carey
905,12/16/1989,C.Polk
906,09/20/1991,C.Hyde
907,01/18/1990,L.Murray
908,11/09/1990,C.Michael
909,03/21/1989,D.Herron
910,11/12/1988,J.Banyard
911,06/19/1992,L.Taliaferro
912,04/03/1992,Da.Williams
913,04/26/1983,De.Williams
914,07/17/1992,S.Johnson
915,05/04/1991,T.Riddick
916,04/17/1993,D.Reaves
917,03/15/1992,D.Freeman
918,09/19/1990,C.Sims
919,02/01/1989,T.Cadet
920,04/23/1991,K.Juszczyk
921,06/21/1989,R.Hughes
922,03/01/1992,S.Redd
923,07/02/1990,R.Burkhead
924,04/10/1991,M.Grice
925,08/03/1993,T.Rawls
926,08/03/1994,T.Gurley
927,12/16/1991,Da.Johnson
928,12/06/1991,J.Langford
929,06/02/1991,C.West
930,10/02/1993,T.J.Yeldon
931,08/27/1991,B.Allen
932,09/23/1993,Du.Johnson
933,06/13/1993,A.Abdullah
934,,A.Andrews
935,04/13/1993,M.Gordon
936,03/07/1993,M.Jones
937,11/23/1991,S.Ware
938,11/01/1990,M.Gillislee
939,04/28/1990,K.Barner
940,02/28/1992,O.Darkwa
941,10/20/1990,C.Thompson
942,06/23/1992,C.Artis-Payne
943,02/15/1992,T.Ward
944,04/16/1993,T.Coleman
945,02/19/1993,M.Davis
946,06/03/1993,D.Cobb
947,06/15/1993,J.Ajayi
948,,K.Gaskins
949,,33-A.Hunt
950,07/22/1995,E.Elliott
951,11/02/1994,J.Howard
952,07/17/1994,D.Henry
953,10/03/1992,R.Kelley
954,11/16/1994,P.Perkins
955,05/27/1992,D.Booker
956,10/15/1993,J.Richard
957,01/26/1994,K.Drake
958,01/21/1994,K.Dixon
959,05/20/1994,C.J.Prosise
960,12/20/1992,A.Ripkowski
961,09/13/1991,Z.Zenner
962,01/29/1994,W.Smallwood
963,01/10/1993,K.Bibbs
964,08/26/1994,A.Collins
965,12/19/1991,C.Grant
966,02/22/1993,A.Hunt
967,06/27/1994,P.Barber
968,02/02/1994,J.Williams
969,03/07/1993,K.Farrow
970,04/24/1994,Dw.Washington
971,05/23/1993,J.Ferguson
972,05/02/1993,A.Cross
973,07/25/1995,A.Kamara
974,08/06/1995,K.Hunt
975,01/18/1995,L.Fournette
976,02/28/1995,M.Breida
977,07/24/1996,J.Mixon
978,10/01/1994,W.Gallman
979,06/07/1996,C.McCaffrey
980,09/16/1995,S.Perine
981,12/02/1994,A.Jones
982,11/02/1994,C.Clement
983,05/17/1995,A.Ekeler
984,08/10/1995,D.Cook
985,09/16/1994,C.Carson
986,08/17/2993,E.Penny
987,,J.D.McKissic
988,03/15/1995,T.Green
989,04/24/1996,D.Foreman
990,03/07/1996,M.Mack
991,07/26/1995,T.Cohen
992,09/24/1991,M.Brown
993,06/01/1994,E.McGuire
994,09/10/1990,T.Bonahon
995,07/23/1988,J.Develin
996,10/07/1993,T.Ervin