0,08/03/1956,T.Christensen
1,04/28/1963,M.Bavaro
2,01/10/1961,S.Jordan
3,04/04/1959,C.Didier
4,04/20/1960,R.Holman
5,04/23/1963,C.Magee
6,04/03/1953,R.Francis
7,07/25/1959,P.Holohan
8,11/05/1957,K.Winslow
9,08/21/1956,M.Shuler
10,03/04/0193,O.Mobley
11,,E.Moorehead
12,,D.Johnson
13,06/30/1961,C.Kay
14,,D.Marsh
15,02/28/1962,K.Whisenhunt
16,08/28/1964,G.Baty
17,06/02/1959,H.Brenner
18,,B.Hardy
19,08/01/1957,J.Spagnola
20,,P.Gothard
21,,D.Cosbie
22,,D.Hill
23,03/13/1965,A.Cox
24,03/16/1956,O.Newsome
25,,T.Wrightman
26,06/22/1960,J.Tice
27,05/24/1960,P.Metzelaars
28,09/16/1962,M.Boyer
29,02/25/1960,J.Williams
30,05/05/1956,D.Warren
31,,D.Ross
32,,W.Arnold
33,,J.Giles
34,,D.Little
35,,T.Hunter
36,12/28/1959,P.Beach
37,,R.Klever
38,,G.Hawthorne
39,08/02/1961,E.West
40,,J.Bell
41,03/04/1963,E.Kattus
42,11/19/1961,M.Mularkey
43,03/05/1961,Z.Mowatt
44,11/23/1963,G.Wilkins
45,02/02/1959,M.Tice
46,08/11/1962,J.Hayes
47,,G.LaFleur
48,,D.Lewis
49,,T.Sherwin
50,,M.Moffitt
51,07/17/1965,R.Middleton
52,,G.Hudson
53,,J.Frank
54,,P.Coffman
55,04/09/1964,R.Awalt
56,10/24/1962,J.Novacek
57,,C.Boso
58,03/15/1964,R.Hall
59,,R.Rubick
60,03/02/1962,Dam.Johnson
61,,L.Dawson
62,,Da.Hill
63,09/18/1963,R.Heller
64,02/08/1965,R.Bernstine
65,,D.Lee
66,,Dan.Johnson
67,,B.Micho
68,12/16/1965,C.McEwen
69,,M.Keel
70,,D.Summers
71,02/12/1964,D.Tennell
72,,M.Andrews
73,07/09/1964,K.McKeller
74,10/09/1966,E.Riley
75,,S.Holloway
76,,S.Byrd
77,,J.A.Smith
78,,Er.Bailey
79,,M.Scott
80,,R.Jones
81,,J.Repko
82,,Jo.Jones
83,,M.Waters
84,,L.Sampleton
85,,R.Wheeler
86,,D.Kindt
87,,H.Holt
88,03/29/1961,J.McDonald
89,,W.Seitz
90,,M.Gehring
91,,W.Scott
92,,J.Caravello
93,04/16/1965,F.Edmunds
94,,T.Chandler
95,08/01/1966,P.Carter
96,04/19/1965,K.Jackson
97,02/08/1965,J.Thornton
98,03/01/1965,A.Roberts
99,09/27/1961,T.Orr
100,,S.Folsom
101,,B.Griggs
102,,K.D.Dunn
103,02/12/1963,B.Jones
104,06/09/1962,T.Fowler
105,,M.Lewis
106,09/23/1963,J.Riggs
107,,A.Parker
108,05/20/1966,M.Dyal
109,,E.Sievers
110,09/13/1964,K.Neubert
111,,R.Tyler
112,,Damone.Johnson
113,01/10/1967,T.McNeal
114,02/07/1961,C.Dressel
115,05/09/1966,G.Scales
116,08/08/1967,H.Cross
117,,W.Harris
118,,B.Beckman
119,06/22/1967,E.Green
120,02/24/1966,M.Cook
121,10/06/1966,Ji.Johnson
122,06/23/1967,D.Walker
123,12/19/1962,E.Horton
124,,Walt.Wilson
125,01/04/1968,J.Harris
126,06/26/1968,S.Sharpe
127,12/16/1965,W.Reeves
128,02/26/1966,W.Walls
129,02/05/1961,Ar.Cox
130,10/02/1966,J.Price
131,03/02/1962,Da.Johnson
132,01/07/1967,S.Galbraith
133,03/15/1964,Ro.Hall
134,04/27/1968,A.Cooper
135,05/19/1966,K.Jennings
136,07/26/1966,J.Anderson
137,08/12/1967,A.Glover
138,08/07/1969,Keith Cash
139,01/09/1967,M.Johnson
140,08/16/1969,B.Coates
141,11/13/1965,B.Mrosko
142,01/27/1968,R.Johnson
143,10/30/1966,T.Jorden
144,01/13/1969,C.Thompson
145,08/07/1969,Kerry Cash
146,01/20/1971,J.Mitchell
147,10/10/1967,F.Wainright
148,09/13/1968,C.Arbuckle
149,10/03/1970,Ty.Armstrong
150,10/08/1966,P.Green
151,02/13/1969,K.Blackwell
152,,D.Brown
153,08/19/1964,B.Rolle
154,08/06/1965,B.Kinchen
155,06/29/1970,T.Drayton
156,04/21/1971,To.McGee
157,10/13/1971,I.Smith
158,10/17/1969,A.Pupunu
159,05/13/1970,M.Lyons
160,09/06/1969,A.Pierce
161,11/05/1970,R.Wetnight
162,08/09/1970,C.Gedney
163,10/14/1971,F.Wycheck
164,09/17/1967,D.Ware
165,06/21/1972,A.Jordan
166,09/28/1968,J.Evans
167,05/29/1968,D.Young
168,02/22/1969,M.Chmura
169,09/10/1966,T.Popson
170,08/17/1967,J.Jenkins
171,11/05/1972,T.Greene
172,09/07/1971,J.Burke
173,09/27/1970,T.Samuels
174,03/28/1972,S.Mitchell
175,06/07/1970,C.Fann
176,04/30/1971,T.Hallock
177,12/08/1965,T.Sadowski
178,02/02/1971,K.Dilger
179,10/09/1971,P.Mitchell
180,09/05/1971,C.Crumpler
181,07/31/1969,R.Griffith
182,01/14/1972,K.Brady
183,02/14/1971,L.Johnson
184,04/22/1970,C.Bell
185,06/14/1971,F.Baxter
186,07/23/1972,O.McBride
187,09/22/1971,C.Fauria
188,09/16/1972,M.Bruener
189,06/08/1972,D.Sloan
190,10/31/1972,J.Asher
191,01/17/1972,W.Gaines
192,04/08/1970,H.Bishop
193,12/15/1967,F.Hartley
194,06/09/1971,R.Lewis
195,11/24/1971,T.Cline
196,11/11/1969,D.Moore
197,09/07/1972,W.Rasby
198,11/15/1973,J.Dunn
199,12/15/1971,E.Bjornson
200,03/06/1969,D.May
201,01/18/1972,D.Carswell
202,07/15/1972,R.Dudley
203,05/08/1972,H.Lusk
204,10/17/1971,B.Chamberlain
205,03/22/1974,B.Neely
206,08/17/1972,E.Conwell
207,12/14/1972,J.McWilliams
208,05/05/1973,B.Roche
209,02/05/1972,To.Johnson
210,02/08/1972,M.Pollard
211,01/25/1973,M.Battaglia
212,03/13/1972,B.Saxton
213,07/19/1971,A.Laing
214,04/03/1973,G.DeLong
215,10/18/1977,F.Jones
216,02/27/1976,T.Gonzalez
217,03/22/1972,J.Farquhar
218,04/04/1974,O.J.Santiago
219,01/29/1974,D.LaFleur
220,05/17/1973,J.Riemersma
221,05/01/1962,G.Clark
222,10/04/1970,B.Kozlowski
223,10/05/1971,C.Lewis
224,03/31/1970,De.Brown
225,09/09/1974,J.Allred
226,12/30/1969,J.Thomason
227,08/29/1972,M.Roan
228,10/10/1972,H.Goodwin
229,09/01/1974,E.Perry
230,06/30/1972,Ty.Davis
231,08/15/1975,C.Cleeland
232,04/07/1972,L.Purnell
233,11/07/1975,S.Alexander
234,06/04/1975,A.Mayes
235,04/27/1975,R.Williams
236,09/18/1974,D.Jones
237,07/11/1974,C.Fontenot
238,11/30/1974,L.Broughton
239,05/31/1976,T.Hardy
240,08/11/1976,J.Weaver
241,07/14/1972,M.Campbell
242,02/22/1977,R.Kelly
243,09/03/1976,R.Davis
244,08/26/1976,B.Collins
245,07/21/1975,M.Sellers
246,12/20/1972,S.Slutzker
247,04/24/1977,B.Miller
248,02/20/1970,J.Robinson
249,03/22/1975,J.Brigham
250,08/12/1975,R.Rutledge
251,11/01/1975,R.Collins
252,04/20/1977,D.Clark
253,05/14/1973,J.Davis
254,01/18/1975,J.Wiggins
255,01/06/1978,B.Franks
256,04/20/1973,I.Mili
257,08/15/1973,K.Mangum
258,03/26/1976,K.Sinceno
259,07/28/1977,E.Kinney
260,08/08/1977,A.Becht
261,12/05/1976,A.Shea
262,12/10/1975,T.Mitchell
263,04/13/1976,D.Campbell
264,09/21/1976,S.Heiden
265,06/06/1974,P.Hape
266,11/14/1974,M.Ricks
267,09/08/1976,Z.Flemister
268,12/23/1977,A.Crumpler
269,12/31/1969,E.Johnson
270,06/22/1979,B.Williams
271,03/16/1980,T.Heap
272,03/13/1979,D.Martin
273,08/14/1975,J.Swift
274,11/23/1975,M.Lucky
275,07/04/1974,S.Bush
276,03/24/1976,J.Tuman
277,03/29/1976,J.Huggins
278,01/02/1979,D.Jolley
279,01/31/1977,J.Kleinsasser
280,06/28/1979,R.McMichael
281,08/18/1980,J.Shockey
282,07/27/1980,J.Norman
283,11/04/1978,M.Schobel
284,12/11/1977,J.Whalen
285,11/13/1979,J.Stevens
286,06/30/1972,T.Davis
287,08/05/1976,D.Lyman
288,01/04/1980,B.Manumaleuna
289,09/21/1979,J.Gilmore
290,12/18/1978,J.Holloway
291,11/16/1978,D.Graham
292,04/04/1975,J.Jones
293,10/29/1976,J.Davenport
294,12/03/1979,T.Jones
295,01/10/1980,J.Owens
296,06/18/1980,A.Gates
297,05/06/1982,J.Witten
298,08/09/1979,T.Stewart
299,05/13/1980,L.J.Smith
300,03/15/1979,J.Peelle
301,10/10/1980,C.FitzSimmons
302,03/14/1980,A.Walker
303,10/26/1978,M.Rivers
304,04/01/1981,G.Wrighster
305,03/18/1978,T.Yoder
306,11/18/1979,C.Baker
307,11/29/1981,T.Johnson
308,06/07/1978,S.Meier
309,02/11/1981,M.Seidman
310,05/15/1979,R.Royal
311,06/18/1980,V.Shiancoe
312,03/16/1979,D.Sanders
313,01/20/1979,J.Putzier
314,03/23/1977,D.Wilcox
315,07/11/1982,C.Cooley
316,09/01/1982,B.Troupe
317,10/02/1980,T.Euhus
318,11/19/1980,C.Anderson
319,02/24/1980,R.Hannam
320,10/31/1979,S.Berton
321,01/20/1977,D.Dinkins
322,02/28/1981,W.Heller
323,11/22/1975,R.Neufeld
324,05/27/1978,B.Steele
325,03/30/1980,M.Gaines
326,10/22/1982,H.Miller
327,12/18/1980,B.Watson
328,03/23/1979,B.Fletcher
329,07/02/1980,Z.Hilton
330,09/03/1983,A.Bergen
331,05/22/1982,A.Smith
332,01/06/1981,B.Scaife
333,08/04/1980,E.Edwards
334,06/30/1981,B.Utecht
335,10/31/1982,B.Bajema
336,12/15/1979,L.Diamond
337,07/26/1982,J.Dreessen
338,07/18/1982,S.Spach
339,11/09/1982,O.Daniels
340,02/15/1983,T.Scheffler
341,08/22/1981,K.Wilson
342,11/09/1983,J.Klopfenstein
343,04/20/1984,A.Fasano
344,01/31/1984,V.Davis
345,07/05/1983,D.Thomas
346,05/09/1983,J.Madsen
347,09/09/1983,L.Pope
348,07/05/1980,B.Hartsock
349,08/10/1979,D.Blakley
350,05/28/1977,G.Reid
351,05/27/1982,S.McHugh
352,03/11/1985,G.Olsen
353,12/11/1985,Z.Miller
354,04/14/1982,Q.Sypniewski
355,02/19/1983,J.King
356,01/11/1984,K.Boss
357,04/16/1984,D.Coats
358,01/25/1985,B.Celek
359,11/18/1982,G.Estandia
360,08/23/1984,B.Patrick
361,02/19/1983,T.Bienemann
362,10/09/1983,M.Matthews
363,05/12/1984,J.Carlson
364,03/10/1987,M.Bennett
365,09/25/1984,D.Keller
366,10/25/1984,D.Rosario
367,11/24/1983,M.Spaeth
368,01/20/1983,T.Humphrey
369,08/24/1983,D.Fine
370,09/23/1983,D.Fells
371,03/11/1985,D.Schouman
372,10/12/1983,G.Mills
373,10/12/1984,G.Robinson
374,11/22/1985,T.Santi
375,11/28/1984,B.Cottam
376,11/13/1980,R.Angulo
377,03/26/1987,J.Finley
378,06/04/1979,N.Jackson
379,01/15/1986,F.Davis
380,11/11/1983,T.Curtis
381,05/19/1982,J.P.Foschi
382,03/27/1980,S.Ryan
383,02/23/1985,B.Pettigrew
384,08/28/1984,J.Haynos
385,10/05/1985,S.Nelson
386,02/02/1983,S.Havner
387,10/11/1985,K.Davis
388,09/22/1985,G.Barnidge
389,01/03/1985,E.Moore
390,01/24/1987,T.Beckum
391,09/22/1984,J.Casey
392,04/07/1987,J.Cook
393,01/14/1979,E.Wilford
394,03/15/1985,J.Tamme
395,07/24/1984,J.Stupar
396,11/06/1985,J.O'Connell
397,05/14/1989,R.Gronkowski
398,11/06/1989,A.Hernandez
399,11/24/1986,J.Graham
400,06/08/1987,T.Moeaki
401,10/06/1988,A.Quarless
402,06/16/1988,J.Gresham
403,02/23/1986,B.Pascoe
404,07/04/1988,M.Hoomanawanui
405,01/21/1985,D.Gronkowski
406,09/04/1985,B.Myers
407,07/02/1987,C.Harbor
408,03/17/1987,C.Morrah
409,09/01/1984,C.Stevens
410,07/25/1987,E.Dickson
411,12/21/1987,J.Ballard
412,07/23/1985,S.Chandler
413,06/29/1985,D.Pitta
414,11/09/1989,K.Rudolph
415,03/17/1988,R.Housler
416,01/30/1988,L.Kendricks
417,02/26/1987,L.Paulsen
418,06/11/1987,J.Phillips
419,03/31/1987,B.Eldridge
420,07/17/1988,L.Stocker
421,01/18/1988,M.Palmer
422,12/12/1987,A.McCoy
423,08/07/1988,J.Cameron
424,02/24/1990,D.Allen
425,08/04/1986,G.Graham
426,09/20/1988,C.Fleener
427,05/02/1987,J.Cumberland
428,02/13/1989,C.Clay
429,11/04/1985,T.Crabtree
430,01/27/1991,O.Charles
431,01/18/1985,M.Mulligan
432,07/14/1989,J.Hanna
433,08/09/1989,N.Paul
434,09/25/1987,D.Ausberry
435,02/04/1987,K.Reuland
436,03/31/1988,D.Dickerson
437,03/20/1988,S.Maneri
438,09/10/1988,D.J.Williams
439,10/19/1989,T.Thompson
440,02/22/1989,D.Paulson
441,06/27/1988,J.Thomas
442,04/07/1990,T.Wright
443,05/29/1990,L.Green
444,07/03/1990,J.Reed
445,01/16/1990,J.Fauria
446,09/08/1990,M.Rivera
447,11/10/1990,Z.Ertz
448,01/15/1990,L.Willson
449,01/11/1990,R.Griffin
450,12/03/1987,S.McGrath
451,12/31/1986,J.Dray
452,09/08/1990,T.Eifert
453,02/03/1991,G.Escobar
454,06/17/1990,C.Harkey
455,07/19/1990,C.Ford
456,10/03/1988,R.Ellison
457,05/03/1989,B.Bostick
458,02/20/1985,J.Hill
459,11/01/1989,M.Egnew
460,07/29/1988,Z.Sudfeld
461,02/18/1991,D.Sims
462,12/17/1987,J.Mastrud
463,01/16/1989,W.Saunders
464,07/30/1991,L.Toilolo
465,06/13/1990,V.McDonald
466,08/03/1988,V.Green
467,10/05/1989,T.Kelce
468,06/26/1992,J.Amaro
469,01/22/1992,R.Rodgers
470,11/01/1988,L.Donnell
471,09/29/1992,A.Seferian-Jenkins
472,04/10/1993,E.Ebron
473,09/23/1983,Dan.Fells
474,11/07/1989,M.Gray
475,06/02/1989,C.Helfet
476,11/16/1991,C.Gillmore
477,05/05/1990,J.Doyle
478,06/30/1990,C.Gragg
479,01/24/1991,R.Hewitt
480,07/25/1990,D.Carrier
481,11/10/1986,C.Coffman
482,04/22/1986,Dar.Fells
483,07/03/1991,C.Brate
484,11/04/1991,W.Tye
485,05/29/1988,G.Celek
486,10/21/1991,C.Walford
487,04/12/1994,M.Williams
488,08/07/1991,B.Bell
489,10/15/1992,T.Kroft
490,01/05/1991,J.Perillo
491,02/17/1993,N.Boyle
492,07/29/1991,D.Harris
493,11/21/1987,L.Smith
494,06/04/1994,J.James
495,03/24/1992,M.Pruitt
496,10/22/1991,C.J.Fiedorowicz
497,05/25/1991,J.Cunningham
498,12/07/1994,H.Henry
499,11/04/1994,A.Hooper
500,01/14/1993,C.J.Uzomah
501,10/29/1991,T.Burton
502,01/01/1993,T.Higbee
503,05/08/1992,E.Swoope
504,01/29/1993,S.Devalve
505,04/09/1993,B.Koyack
506,01/30/1993,S.Anderson
507,08/31/1992,N.Oleary
508,01/14/1992,N.Sterling
509,11/24/1992,J.Heuerman
510,09/20/1991,A.Derby
511,09/02/1992,X.Grimble
512,09/13/1992,D.Waller
513,12/31/1992,J.Adams
514,11/19/1994,O.J.Howard
515,08/31/1992,N.O'Leary
516,10/09/1993,G.Kittle
517,03/15/1995,R.Seals-Jones
518,09/02/1994,E.Engram
519,07/10/1996,D.Njoku
520,01/29/1993,S.DeValve
521,06/25/1994,G.Everett
522,08/22/1995,J.Smith
523,09/20/1991,A.J.Derby
524,10/24/1993,A.Shaheen
525,04/22/1992,E.Tomlinson
526,03/06/1993,N.Vannett
527,05/19/1993,D.Morgan
528,09/03/1993,A.Traylor
529,01/14/1992,J.O'Shaughnessy
530,09/18/1992,T.Niklas
531,11/18/1993,J.Hollister
532,11/22/1994,D.Daniels
533,01/09/1993,R.Travis