0,02/17/1955,S.Morgan
1,01/25/1959,M.Duper
2,10/13/1962,J.Rice
3,,W.Walker
4,05/01/1962,G.Clark
5,02/15/1962,B.Brennan
6,04/08/1961,M.Clayton
7,01/27/1959,C.Collinsworth
8,12/17/1962,E.Brown
9,09/17/1960,A.Carter
10,09/28/1954,S.Largent
11,04/06/1964,B.Brooks
12,09/03/1964,E.Givins
13,11/05/1962,W.Stanley
14,04/30/1963,A.Toon
15,12/16/1960,J.Chadwick
16,08/21/1962,C.Burkett
17,10/05/1956,D.Hill
18,01/29/1964,A.Reed
19,,J.T.Smith
20,,Dok.Williams
21,,S.Watson
22,,C.Brown
23,10/15/1961,S.Paige
24,,N.Moore
25,,P.Epps
26,,T.Hill
27,,Bo.Johnson
28,09/28/1962,I.Fryar
29,,H.Jones
30,,S.Robinson
31,07/23/1963,M.Jackson
32,01/21/1963,J.Hester
33,06/30/1957,R.Green
34,06/21/1963,M.Sherrard
35,,D.Clark
36,,J.Stallworth
37,02/03/1969,L.Thompson
38,,B.Franklin
39,04/07/1963,R.Langhorne
40,,M.Jones
41,,G.Carter
42,02/15/1962,K.Jackson
43,11/08/1961,E.Martin
44,03/13/1963,V.Johnson
45,,W.Chandler
46,,C.Joiner
47,09/05/1960,W.Gault
48,03/31/1961,R.Brown
49,04/09/1964,F.Dixon
50,,Tru.Johnson
51,,D.Turner
52,08/09/1962,L.Lipps
53,,K.House
54,10/19/1964,W.Slaughter
55,09/17/1956,L.Lewis
56,,M.Quick
57,07/21/1961,H.Ellard
58,,C.Bland
59,,M.Bouza
60,12/05/1957,A.Monk
61,,H.Marshall
62,,C.Sweeney
63,,K.Ortego
64,07/05/2056,J.Lofton
65,,R.Butler
66,,M.Renfro
67,08/30/1962,R.Sanders
68,,P.McConkey
69,,J.Butler
70,,G.Garrity
71,08/07/1964,T.McGee
72,,C.Carson
73,01/11/1960,P.Skansi
74,,K.Sohn
75,,C.Jones
76,,S.Starring
77,,G.Banks
78,,K.Williams
79,,J.Jones
80,,R.Barksdale
81,04/05/1963,E.Harry
82,,A.Allen
83,,W.Thompson
84,,J.Gustafson
85,,H.Harris
86,,D.Crawford
87,,R.Johnson
88,,E.Goodlow
89,,S.Kreider
90,04/28/1963,W.Drewrey
91,01/31/1978,P.Smith
92,,Da.Williams
93,,L.Manuel
94,11/14/1958,J.Jensen
95,02/21/1962,M.Young
96,01/29/1964,J.Pruitt
97,,J.Teal
98,,Mi.Wilson
99,,B.Duckworth
100,,L.Barnes
101,,M.Akiu
102,,K.Edwards
103,06/29/1970,T.Smith
104,,P.Freeman
105,,P.Mandley
106,01/10/1962,C.Weathers
107,,E.Richardson
108,,C.Fox
109,,Bi.Johnson
110,,J.Harbour
111,,Troy Johnson
112,,De.Williams
113,,W.Capers
114,,B.Rhymes
115,,V.Heflin
116,,C.Sampson
117,,T.Moffett
118,,S.Miller
119,02/10/1959,D.Gentry
120,,T.Fowler
121,,Ce.Jones
122,01/25/1966,R.Nattiel
123,,D.McKinnon
124,,L.James
125,,Br.Hill
126,,F.Neal
127,10/28/1965,M.Carrier
128,09/15/1962,A.Matthews
129,08/07/1964,Ti.McGee
130,08/30/1964,S.Baker
131,,M.Martin
132,,D.Williams
133,,R.Morris
134,,R.Massie
135,,L.Hill
136,,G.McNeil
137,02/01/1964,J.Holland
138,10/12/1964,O.Turner
139,01/26/1965,C.Duncan
140,11/25/1965,C.Carter
141,03/31/1962,J.Taylor
142,,S.Bailey
143,,M.Pattison
144,,G.Lee
145,,So.Miller
146,,I.Hillary
147,12/12/1964,H.Jeffires
148,,J.Townsell
149,,W.Murray
150,,Do.Holmes
151,,M.Nichols
152,,B.Johnson
153,,K.Paskett
154,,D.Colbert
155,12/29/1959,M.Fernandez
156,,C.Lockett
157,,Al.Williams
158,12/31/1962,G.Kozlowski
159,,L.Morris
160,,C.Burbage
161,,M.Siano
162,12/31/1961,P.Kemp
163,,E.Truvillion
164,,M.Barney
165,,C.Pardridge
166,,C.Aikens
167,,S.Swanson
168,,O.Grant
169,11/27/1960,L.Harris
170,,J.Brim
171,,Mi.Harper
172,,J.Clinkscales
173,,K.Bowman
174,,S.Mobley
175,,E.Chavis
176,,M.Brown
177,,L.Douglas
178,,L.Linne
179,,K.Juma
180,,D.Grymes
181,,L.Bennett
182,,J.Noble
183,,P.Scott
184,,O.Williams
185,,L.Taylor
186,,E.Lovelady
187,,S.Gaines
188,,L.Brown
189,,K.Knapczyk
190,,S.Holman
191,,T.McFadden
192,,S.Dawsey
193,,R.McGowan
194,,T.Greer
195,,M.Moore
196,,G.Lathan
197,,J.Walters
198,,S.Hunter
199,,E.Streater
200,,T.Gladney
201,,Er.Brown
202,,T.Wilson
203,,T.Kearse
204,,T.Rome
205,,S.Finch
206,,J.Trahan
207,,D.Gadbois
208,,M.Pleasant
209,,D.Montagne
210,,B.Bengen
211,,D.Harden
212,,K.McDonald
213,,M.Bellini
214,,D.Reilly
215,,K.Tinsley
216,,R.Estell
217,,S.Pierce
218,,M.Caterbone
219,,R.Parks
220,,R.Bynum
221,,S.Carter
222,,W.Coffey
223,,L.Gonzalez
224,,S.Johnson
225,,G.Meehan
226,,R.W.Brown
227,,R.Hairston
228,02/29/1964,B.Hill
229,07/24/1965,Br.Blades
230,03/05/1966,M.Irvin
231,01/08/1962,R.Alexander
232,06/26/1968,S.Sharpe
233,06/14/1963,C.Verdin
234,05/14/1965,K.Martin
235,07/22/1966,T.Brown
236,03/13/1965,A.Cox
237,11/04/1964,Ro.Morris
238,,T.Johnson
239,,Ro.Johnson
240,04/15/1965,A.Miller
241,,Ga.Lee
242,04/13/1965,Q.Early
243,12/15/1964,E.Jones
244,05/26/1962,F.Banks
245,,F.Johnson
246,,S.Schwedes
247,12/24/1965,M.Haynes
248,07/22/1964,K.Taylor
249,03/07/1965,F.Anderson
250,,Da.Flutie
251,08/23/1965,M.Ingram
252,01/03/1966,W.Davis
253,,F.Pillow
254,11/12/1962,G.Taylor
255,01/14/1964,T.Kane
256,08/06/1965,R.Clark
257,10/10/1965,B.Perriman
258,,E.Gay
259,04/06/1965,St.Sharpe
260,,Dr.Hill
261,02/20/1967,S.Collins
262,,H.L.Dykes
263,02/02/1967,J.Dixon
264,,De.Hill
265,03/18/1967,A.Rison
266,,Wa.Walker
267,07/03/1964,L.Clark
268,,A.Brown
269,07/09/1964,K.McKeller
270,12/18/1964,D.Beebe
271,03/07/1967,J.Query
272,03/19/1965,M.Alexander
273,,K.Smith
274,01/22/1964,D.Shepard
275,10/11/1966,J.Phillips
276,04/27/1966,M.Stock
277,08/19/1965,S.Martin
278,05/29/1966,F.Turner
279,03/29/1966,R.Thomas
280,04/22/1967,H.Williams
281,,B.Ford
282,,La.Tillman
283,01/28/1964,D.Stone
284,,D.Brinson
285,05/30/1966,D.Peebles
286,,We.Walker
287,06/17/1966,F.Barnett
288,03/07/1968,R.Proehl
289,09/27/1968,R.Moore
290,03/03/1967,C.Williams
291,12/30/1965,T.Jones
292,09/05/1965,T.Martin
293,06/16/1965,J.J.Birden
294,08/08/1967,M.Farr
295,03/26/1968,J.Campbell
296,06/11/1964,G.Thomas
297,07/01/1968,C.Wilson
298,06/06/1967,M.Timpson
299,06/19/1967,M.Barber
300,,V.Joines
301,03/29/1968,C.Calloway
302,05/21/1964,G.Alphin
303,02/14/1965,J.Milling
304,06/07/1967,T.Mathis
305,,D.Faison
306,07/19/1967,A.Wright
307,10/19/1966,N.Lewis
308,10/15/1967,G.McMurtry
309,11/16/1967,L.Dawsey
310,02/20/1967,T.Waddle
311,04/19/1968,T.Barnett
312,09/21/1969,R.Hill
313,04/02/1966,W.Green
314,06/22/1969,D.Russell
315,07/06/1968,A.Harper
316,10/26/1969,M.Pritchard
317,04/08/1967,P.Coleman
318,01/02/1967,J.Jackson
319,08/17/1968,E.McCaffrey
320,05/18/1967,A.Edwards
321,04/10/1966,E.Affholter
322,10/18/1977,F.Jones
323,11/15/1967,A.Morgan
324,10/28/1968,E.Mills
325,10/20/1969,H.Moore
326,08/01/1968,R.Carpenter
327,02/22/1969,S.Jefferson
328,03/09/1968,T.Anthony
329,12/25/1966,R.Rembert
330,09/06/1967,W.Carroll
331,04/12/1969,Mi.Jackson
332,02/14/1969,J.Graham
333,05/20/1966,L.Tillman
334,03/23/1970,C.Pickens
335,04/29/1969,A.Marshall
336,12/12/1969,C.Hawkins
337,07/22/1970,C.Tillman
338,02/10/1964,S.Graddy
339,10/07/1967,B.Lamb
340,12/26/1967,T.Hargain
341,09/28/1967,J.Reed
342,09/04/1970,T.Small
343,11/22/1968,C.Davenport
344,09/16/1969,D.Daniels
345,06/23/1970,R.Brooks
346,12/21/1962,Joe.Johnson
347,03/25/1968,R.Lewis
348,09/18/1969,D.Thomas
349,02/21/1966,S.Beach
350,12/28/1970,J.Jett
351,01/02/1971,H.Copeland
352,08/09/1967,G.Wellman
353,07/03/1970,V.Bailey
354,02/03/1971,S.Dawkins
355,01/25/1971,V.Brisby
356,05/15/1970,D.Howard
357,01/06/1970,K.McCardell
358,06/15/1968,T.Obee
359,08/15/1969,Y.Thigpen
360,11/18/1969,R.Ismail
361,11/14/1971,R.Copeland
362,01/07/1969,T.Kinchen
363,07/05/1968,N.Singleton
364,03/01/1970,R.Crittenden
365,07/21/1968,J.Barnes
366,11/08/1970,Q.Ismail
367,07/07/1970,D.Mims
368,08/09/1967,D.Sanders
369,12/02/1969,O.J.McDuffie
370,01/14/1969,R.Smith
371,02/12/1970,L.Thomas
372,07/10/1967,R.Claiborne
373,09/10/1968,P.Newman
374,10/03/1969,P.Robinson
375,05/22/1970,M.Dowdell
376,01/13/1971,C.Conway
377,,P.Rowe
378,09/17/1970,T.Kimbrough
379,,E.Blount
380,11/06/1971,D.Alexander
381,01/03/1972,C.Johnson
382,07/07/1972,D.Scott
383,01/02/1972,L.Dawson
384,04/11/1967,M.Seay
385,10/26/1970,B.Emanuel
386,07/26/1972,T.Winans
387,11/10/1972,I.Bruce
388,03/25/1968,Ron.Lewis
389,11/19/1972,D.Palmer
390,07/10/1970,B.Reeves
391,01/04/1971,O.Truitt
392,11/07/1971,A.Hastings
393,05/12/1970,S.Anderson
394,02/21/1971,T.Mickens
395,05/05/1970,R.A.Brown
396,12/11/1970,D.Hughes
397,04/26/1971,R.Yarborough
398,01/10/1972,T.Lewis
399,12/19/1969,Mi.Bates
400,10/09/1966,M.Williams
401,05/23/1968,D.Hobbs
402,12/12/1970,C.Brantley
403,05/08/1972,C.Sanders
404,10/06/1972,J.J.Stokes
405,01/23/1968,E.Metcalf
406,11/20/1971,J.Galloway
407,10/07/1971,J.Morton
408,02/17/1973,F.Sanders
409,11/03/1969,L.Shepherd
410,02/21/1970,W.Moore
411,08/16/1971,W.Jackson
412,08/14/1973,W.Chrebet
413,10/25/1969,E.Guliford
414,07/07/1972,M.Westbrook
415,10/24/1971,A.Bailey
416,02/25/1974,T.Vanover
417,10/16/1972,K.Stewart
418,02/09/1969,J.Smith
419,01/31/1970,T.Hannah
420,10/09/1969,C.Jordan
421,05/27/1972,A.Freeman
422,06/23/1972,R.Preston
423,12/19/1972,M.Floyd
424,01/01/1973,J.Armour
425,04/10/1962,S.Tasker
426,12/12/1968,C.Walsh
427,11/24/1970,C.Marsh
428,09/24/1972,J.Hill
429,01/03/1973,Ty.Brown
430,03/21/1971,H.Graham
431,06/17/1972,J.McKnight
432,03/21/1970,D.Spencer
433,03/19/1971,C.Fleming
434,06/10/1972,D.Dunn
435,01/01/1971,K.Lee
436,07/11/1971,J.T.Thomas
437,04/14/1970,B.Stablein
438,08/25/1972,M.Harrison
439,04/20/1971,C.Penn
440,12/07/1973,T.Owens
441,01/20/1973,E.Kennison
442,07/23/1974,T.Glenn
443,05/05/1973,M.Muhammad
444,07/22/1972,K.Johnson
445,01/07/1973,B.Engram
446,09/19/1972,A.Coleman
447,07/29/1970,S.LaChapelle
448,07/17/1973,E.Moulds
449,08/26/1974,F.Scott
450,07/24/1973,I.Uwaezuoke
451,10/16/1974,J.Lewis
452,01/23/1975,K.Alexander
453,11/28/1969,D.Carter
454,08/15/1972,F.Solomon
455,02/14/1971,K.Shedd
456,,Jack Jackson
457,01/16/1972,J.Horn
458,06/03/1974,B.Still
459,04/27/1971,J.Ross
460,10/08/1971,O.Ellison
461,09/08/1974,A.Toomer
462,06/19/1973,J.Arnold
463,07/24/1974,A.Van Dyke
464,08/24/1972,L.DeRamus
465,06/14/1973,S.Williams
466,01/20/1974,R.Carruth
467,10/20/1976,R.Anthony
468,05/13/1974,A.Connell
469,04/09/1971,J.Hundon
470,11/21/1970,K.Crawford
471,02/29/1972,F.Bownes
472,07/16/1971,C.Thomas
473,09/29/1974,D.Ward
474,01/28/1974,D.Mayes
475,04/22/1975,B.Manning
476,08/23/1973,J.Roe
477,08/19/1974,D.Patten
478,04/23/1974,J.Kent
479,05/01/1974,M.Hatchette
480,08/20/1971,B.Bech
481,03/18/1973,J.Reese
482,12/21/1971,T.Boyd
483,01/17/1974,D.Mason
484,07/09/1975,W.Blackwell
485,02/13/1977,R.Moss
486,08/20/1971,O.Gadsden
487,01/09/1971,B.Schroeder
488,07/06/1972,B.Davis
489,06/18/1974,K.Poole
490,12/08/1974,T.Simmons
491,04/05/1976,I.Hilliard
492,12/16/1975,J.Pathon
493,11/14/1974,M.Ricks
494,09/08/1974,K.Lockett
495,02/25/1975,D.Gibson
496,09/13/1976,G.Crowell
497,02/02/1973,P.Jeffers
498,03/08/1976,H.Ward
499,09/02/1975,N.Jacquet
500,04/06/1973,R.Thelwell
501,04/28/1975,J.Thrash
502,12/23/1974,J.Jurevicius
503,07/24/1965,B.Blades
504,02/22/1975,J.Ogden
505,06/03/1977,A.Hakim
506,06/28/1975,E.G.Green
507,06/23/1975,K.Dyson
508,01/15/1976,J.Green
509,01/22/1973,R.Barlow
510,08/10/1976,P.Johnson
511,12/23/1973,A.Ladd
512,07/13/1975,T.Dwight
513,02/27/1975,M.Robinson
514,07/29/1975,T.Wilkins
515,06/05/1976,T.Holt
516,12/08/1975,C.Bradford
517,04/07/1977,T.Edwards
518,10/12/1977,D.Chiaverini
519,10/27/1976,P.Price
520,08/19/1978,D.Boston
521,06/24/1976,J.Tucker
522,04/23/1975,B.Shaw
523,07/04/1974,J.German
524,07/13/1975,D.Hayes
525,11/16/1974,I.Byrd
526,05/22/1976,C.Brazzell
527,08/07/1972,M.Cody
528,03/18/1976,E.Baker
529,02/02/1975,M.Brooks
530,07/31/1976,M.Booker
531,06/04/1970,Ron.Harris
532,04/11/1972,D.Jells
533,05/26/1976,D.McDonald
534,03/15/1976,D.Douglas
535,04/27/1968,A.Cooper
536,11/25/1973,Y.Green
537,06/14/1976,D.Griffin
538,04/28/1970,M.Harris
539,02/22/1977,N.Brown
540,09/30/1976,W.McGarity
541,05/02/1976,J.McDaniel
542,12/06/1978,D.Jackson
543,02/02/1975,D.Driver
544,11/20/1976,C.Yeast
545,03/30/1979,T.Taylor
546,10/06/1977,S.Morris
547,12/22/1977,D.Northcutt
548,06/19/1977,P.Warrick
549,08/12/1977,P.Burress
550,06/23/1976,B.Stokley
551,12/29/1977,L.Coles
552,05/21/1977,D.Farmer
553,11/19/1977,C.Lee
554,01/13/1969,R.Wilson
555,02/16/1977,D.Hodge
556,05/08/1971,R.Jones
557,11/05/1977,J.Dawson
558,09/04/1974,A.Whitted
559,12/02/1969,O.McDuffie
560,02/25/1960,J.Williams
561,12/14/1976,W.Hayes
562,04/26/1977,K.Bailey
563,09/22/1973,C.Jackson
564,04/20/1977,T.Streets
565,11/03/1977,T.Gaylor
566,05/28/1976,R.Dixon
567,11/07/1976,L.Foster
568,01/31/1976,B.Finneran
569,08/20/1977,Sh.Davis
570,08/25/1974,M.Jenkins
571,04/23/1977,T.Pinkston
572,01/16/1978,R.Soward
573,04/27/1977,R.Dugans
574,08/23/1979,D.White
575,08/12/1978,C.Chambers
576,03/13/1979,D.Terrell
577,02/06/1977,M.Minnis
578,03/19/1980,K.Robinson
579,10/26/1977,R.Gardner
580,09/23/1977,Q.Morgan
581,12/25/1977,T.Insley
582,08/26/1978,D.Bennett
583,12/04/1975,D.Bates
584,03/19/1978,R.Germany
585,05/12/1979,S.Smith
586,07/24/1975,R.Swinton
587,12/23/1977,K.Kasper
588,11/17/1978,R.Wayne
589,11/28/1978,F.Mitchell
590,04/24/1977,A.Black
591,11/26/1973,A.King
592,09/26/1977,T.J.Houshmandzadeh
593,07/14/1978,J.Porter
594,02/11/1977,F.Murphy
595,11/12/1977,C.Cole
596,05/26/1978,S.Montgomery
597,01/17/1975,K.Swayne
598,04/09/1977,A.Jackson
599,12/28/1983,S.Moss
600,07/14/1976,L.Parker
601,08/17/1972,E.Conwell
602,11/10/1980,D.Stallworth
603,02/16/1980,A.Lelie
604,07/05/1977,D.Thompson
605,03/09/1981,A.Bryant
606,07/18/1979,D.Branch
607,08/17/1979,A.Randle El
608,06/12/1979,A.Davis
609,10/14/1978,J.Walker
610,12/17/1979,R.Ferguson
611,12/01/1980,J.Gaffney
612,07/28/1979,J.McAddley
613,05/04/1978,M.Boerigter
614,06/26/1978,Q.McCord
615,04/14/1979,E.Parker
616,09/20/1978,D.Hall
617,12/15/1976,T.Walters
618,07/24/1970,K.Hankton
619,08/07/1979,R.Hymes
620,08/01/1978,D.McCants
621,08/16/1980,D.Givens
622,02/01/1977,N.Poole
623,07/23/1980,K.Campbell
624,04/29/1980,M.Lewis
625,02/02/1979,D.Jones
626,03/28/1979,R.Caldwell
627,10/04/1978,K.Y.Rambo
628,05/09/1980,J.Hunter
629,12/11/1978,J.McCareins
630,,80-J.Green
631,02/05/1977,A.Merritt
632,05/19/1973,C.Doering
633,10/03/1980,A.Boldin
634,07/11/1981,A.Johnson
635,05/05/1976,D.Looker
636,08/19/1981,N.Burleson
637,09/21/1979,T.Carter
638,05/23/1981,C.Rogers
639,11/09/1980,T.Calico
640,01/25/1981,J.Gage
641,08/21/1979,K.Washington
642,05/20/1980,K.Osgood
643,02/25/1981,B.Wade
644,12/31/1969,D.Armstrong
645,11/05/1980,A.Moorehead
646,07/05/1981,B.Lloyd
647,04/13/1978,J.Farris
648,03/12/1977,M.Furrey
649,01/03/1980,D.Tyree
650,05/28/1979,R.Curry
651,02/14/1980,W.Ponder
652,04/23/1979,A.Bannister
653,02/19/1980,D.Kircus
654,06/04/1980,C.Coleman
655,01/21/1978,B.Gilmore
656,03/10/1980,T.Gardner
657,06/13/1981,S.McDonald
658,01/20/1981,C.Hankton
659,10/12/1965,C.Chandler
660,03/11/1981,L.Evans
661,05/26/1982,K.Colbert
662,07/17/1978,K.Curtis
663,12/20/1981,R.Williams
664,12/19/1981,D.Watts
665,08/27/1980,D.Gabriel
666,08/31/1983,L.Fitzgerald
667,09/24/1982,C.Moore
668,03/20/1979,J.Carter
669,06/12/1979,F.Jackson
670,03/25/1981,S.Parker
671,01/14/1979,E.Wilford
672,04/07/1979,P.Crayton
673,02/22/1980,A.Battle
674,07/13/1977,C.Horn
675,01/14/1978,E.Berlin
676,06/04/1979,N.Jackson
677,12/14/1980,S.Aiken
678,06/16/1982,J.Cotchery
679,03/12/1982,T.Copper
680,10/17/1980,R.Woods
681,05/30/1981,T.Jacobs
682,12/31/1969,A.Chatman
683,09/18/1978,L.Mays
684,02/12/1980,G.Lewis
685,03/08/1980,B.McMullen
686,12/27/1980,B.Berrian
687,05/17/1983,C.Henry
688,05/01/1981,W.Welker
689,02/21/1983,B.Edwards
690,04/30/1983,T.Williamson
691,11/02/1981,R.White
692,03/26/1982,D.Henderson
693,04/17/1979,S.Vines
694,07/31/1981,D.J.Hackett
695,11/26/1980,J.Urban
696,08/04/1981,K.Walter
697,10/25/1980,A.Thurman
698,01/24/1982,L.McCoy
699,07/16/1982,R.Parrish
700,04/05/1980,T.Devoe
701,10/06/1982,B.Jones
702,01/29/1982,M.Bradley
703,01/10/1983,C.Roby
704,12/15/1982,T.Murphy
705,07/26/1983,J.Mathis
706,02/16/1981,R.Newhouse
707,10/23/1979,C.Adams
708,06/05/1983,M.Colston
709,03/03/1984,S.Holmes
710,03/07/1981,Br.Johnson
711,08/28/1983,N.Washington
712,01/14/1983,V.Jackson
713,,R.Davis
714,09/21/1983,G.Jennings
715,09/04/1982,H.Baskett
716,08/10/1982,R.Martin
717,03/23/1984,B.Marshall
718,02/21/1985,M.Stovall
719,09/21/1984,D.Hagan
720,02/11/1979,Be.Johnson
721,10/04/1981,C.Holiday
722,12/12/1983,B.Smith
723,04/24/1985,S.Hurd
724,04/20/1983,J.Avant
725,06/09/1983,J.Cribbs
726,04/12/1980,E.Drummond
727,12/07/1981,J.Morant
728,09/18/1984,A.Gonzalez
729,09/21/1984,D.Bowe
730,09/01/1986,S.Rice
731,08/31/1983,L.Moore
732,04/12/1985,T.Ginn
733,05/20/1985,L.Robinson
734,01/31/1982,J.Webb
735,12/31/1969,G.Camarillo
736,04/16/1982,D.Darling
737,07/31/1984,G.Holt
738,07/28/1983,D.Anderson
739,06/30/1984,M.Austin
740,01/02/1981,B.Middleton
741,10/02/1985,C.Davis
742,11/30/1981,G.Martinez
743,12/18/1983,J.Broussard
744,12/29/1982,M.Hagans
745,02/01/1984,W.Wright
746,08/20/1983,S.Breaston
747,02/26/1976,S.Morey
748,05/23/1984,D.Aromashodu
749,09/16/1983,L.Naanee
750,06/27/1983,C.Thorpe
751,10/30/1983,B.Obomanu
752,04/20/1986,A.Allison
753,09/11/1986,D.Jarrett
754,11/04/1982,D.Hester
755,10/08/1984,D.Hixon
756,05/21/1986,E.Royal
757,09/13/1985,D.Bess
758,05/31/1985,J.Nelson
759,06/12/1984,D.Avery
760,10/04/1983,C.Stuckey
761,09/28/1984,R.Meachem
762,11/11/1984,M.Sims-Walker
763,09/08/1983,J.L.Higgins
764,09/16/1984,H.Douglas
765,10/28/1985,E.Doucet
766,11/07/1985,C.Schilens
767,07/12/1986,L.Hawkins
768,06/20/1985,J.Morgan
769,08/27/1985,D.Stanley
770,12/25/1984,L.Sweed
771,04/15/1985,A.Caldwell
772,10/29/1984,K.Burton
773,04/15/1982,J.Standeford
774,12/30/1986,M.Kelly
775,12/24/1985,J.Hardy
776,10/13/1985,W.Franklin
777,04/07/1984,C.Taylor
778,12/06/1984,S.Steptoe
779,01/09/1978,C.Ochocinco
780,08/01/1986,M.Wallace
781,11/11/1985,A.Collie
782,01/14/1988,H.Nicks
783,05/28/1988,P.Harvin
784,05/25/1986,M.Manningham
785,11/22/1986,B.Hartline
786,05/11/1988,J.Maclin
787,09/19/1988,K.Britt
788,06/04/1987,M.Thomas
789,08/08/1986,P.Garcon
790,03/23/1987,E.Bennett
791,05/22/1986,J.Edelman
792,11/03/1986,J.Knox
793,01/03/1986,S.Stroughter
794,09/14/1987,M.Crabtree
795,10/24/1986,M.Massoquoi
796,08/13/1987,B.Gibson
797,11/02/1985,D.Amendola
798,05/11/1987,L.Murphy
799,07/07/1985,D.Clowney
800,01/18/1985,N.Hughes
801,02/19/1985,K.Moore
802,12/26/1983,B.Clark
803,06/22/1983,T.Watkins
804,12/03/1987,B.Robiskie
805,05/04/1985,L.Long
806,01/04/1986,D.Butler
807,02/26/1987,D.Heyward-Bey
808,07/04/1985,E.Weems
809,12/23/1985,J.Shipley
810,03/29/1983,A.Armstrong
811,11/04/1988,D.Bryant
812,02/20/1987,B.White
813,03/17/1987,E.Sanders
814,08/27/1987,D.Gettis
815,07/27/1987,J.Ford
816,11/04/1986,B.LaFell
817,09/08/1988,A.Benn
818,02/04/1986,J.Simpson
819,11/07/1986,D.Nelson
820,06/12/1987,S.Ajirotutu
821,10/05/1987,B.Tate
822,01/31/1983,M.Spurlock
823,12/24/1987,N.Roosevelt
824,09/09/1987,R.Cooper
825,05/10/1986,R.Wallace
826,10/11/1984,D.Zeigler
827,02/13/1987,P.Parker
828,05/23/1986,C.Hall
829,08/26/1988,D.McCluster
830,02/17/1987,T.Underwood
831,12/21/1987,B.James
832,06/26/1988,V.Tucker
833,12/02/1986,M.Gilyard
834,08/02/1988,G.Tate
835,11/30/1987,M.Komar
836,01/09/1988,A.Roberts
837,06/02/1981,S.Logan
838,11/11/1986,V.Cruz
839,07/31/1988,A.J.Green
840,09/21/1988,D.Baldwin
841,08/14/1989,D.Briscoe
842,12/09/1988,D.Moore
843,08/21/1989,T.Young
844,03/15/1987,E.Decker
845,12/21/1985,J.Dillard
846,10/13/1988,D.Sanzenbache
847,05/30/1989,G.Little
848,08/10/1989,J.Baldwin
849,08/22/1990,R.Cobb
850,09/29/1986,J.Norwood
851,01/25/1989,V.Brown
852,03/10/1986,A.Hawkins
853,04/13/1984,M.Willis
854,05/07/1988,L.Hankerson
855,05/19/1987,P.Turner
856,11/08/1988,J.Kerley
857,05/01/1987,C.West
858,12/05/1987,K.Ogletree
859,01/01/1986,R.Barden
860,06/27/1988,L.Williams
861,12/22/1987,C.Shorts
862,05/07/1988,A.Pettis
863,05/02/1987,M.Mariani
864,06/13/1989,C.Gates
865,08/25/1988,G.Salas
866,08/24/1988,T.Austin
867,11/06/1989,A.Hernandez
868,11/14/1989,T.Y.Hilton
869,12/06/1989,C.Givens
870,04/12/1991,J.Gordon
871,02/09/1988,R.Streater
872,11/12/1989,K.Wright
873,01/09/1990,J.Blackmon
874,07/27/1989,T.J.Graham
875,04/09/1988,R.Broyles
876,04/11/1988,A.Robinson
877,05/07/1991,R.Randle
878,02/14/1990,A.Jeffery
879,08/22/1989,M.Sanu
880,11/25/1989,J.Wright
881,02/05/1988,L.Jean
882,11/22/1989,D.Johnson
883,12/29/1989,T.Benjamin
884,09/16/1987,D.Harris
885,09/22/1989,T.Doss
886,10/12/1989,R.Matthews
887,03/05/1989,L.Brazill
888,07/26/1989,R.Whalen
889,03/17/1988,K.Durham
890,01/08/1989,J.Cooper
891,04/26/1989,C.Beasley
892,04/25/1991,S.Hill
893,11/05/1987,J.Newsome
894,09/08/1989,A.Binns
895,03/15/1989,D.Posey
896,09/02/1988,D.Wylie
897,06/05/1989,B.Quick
898,06/08/1988,S.Burton
899,10/11/1988,T.Clemons
900,12/12/1989,J.Criner
901,12/21/1988,K.Elliott
902,12/21/1987,B.Banks
903,04/27/1992,K.Allen
904,04/22/1992,K.Stills
905,11/04/1989,J.Boykin
906,06/06/1992,D.Hopkins
907,04/22/1991,Ma.Brown
908,09/18/1989,T.Williams
909,07/23/1991,A.Dobson
910,06/16/1988,A.Holmes
911,02/13/1978,Mi.Brown
912,03/17/1991,C.Patterson
913,07/29/1988,K.Thompkins
914,11/11/1991,A.Sanders
915,02/06/1990,J.Kearse
916,01/04/1989,D.Davis
917,06/18/1991,D.Rogers
918,11/19/1990,M.Goodwin
919,06/14/1989,J.Jernigan
920,03/01/1990,G.Whalen
921,02/20/1989,13-K.Taylor
922,01/08/1990,J.Brown
923,,10-B.Golden
924,01/22/1990,J.Boyce
925,01/06/1990,C.Owusu
926,12/27/1988,J.Hemingway
927,10/24/1988,C.Hogan
928,09/08/1989,A.J.Jenkins
929,02/07/1991,M.Wheaton
930,01/29/1990,B.Butler
931,10/25/1988,P.Edwards
932,,M.White
933,11/04/1988,N.Toon
934,09/03/1987,Ma.Moore
935,11/23/1990,N.Williams
936,11/05/1992,O.Beckham
937,08/21/1993,M.Evans
938,07/16/1992,J.Matthews
939,09/25/1993,B.Cooks
940,11/28/1992,J.Landry
941,06/14/1993,S.Watkins
942,02/17/1991,T.Gabriel
943,12/24/1992,D.Adams
944,02/05/1991,K.Benjamin
945,03/04/1990,Jo.Brown
946,11/12/1991,A.Hurns
947,11/25/1991,M.Lee
948,12/20/1991,M.Bryant
949,05/30/1989,K.Aiken
950,05/21/1986,R.Lockette
951,07/12/1992,A.Wilson
952,01/31/1989,D.Inman
953,06/08/1993,D.Moncrief
954,08/22/1990,A.Thielen
955,05/09/1990,B.Bersin
956,01/08/1990,Ja.Brown
957,09/23/1989,K.Norwood
958,03/15/1991,Tav.Austin
959,08/22/1991,B.Ellington
960,06/23/1990,C.Fuller
961,02/21/1989,B.Tyms
962,06/02/1992,R.Herron
963,04/13/1992,P.Richardson
964,11/04/1987,B.Walters
965,10/13/1988,D.Sanzenbacher
966,12/19/1990,R.Grant
967,02/17/1990,F.Hammond
968,09/14/1992,M.Wilson
969,08/09/1991,D.Archer
970,10/14/1991,J.Huff
971,03/10/1991,Ju.Brown
972,01/05/1993,DA.Thomas
973,09/28/1992,T.Lockett
974,10/17/1992,W.Snead
975,02/22/1991,S.Roberts
976,10/29/1993,S.Diggs
977,01/20/1993,D.Parker
978,04/12/1993,D.Green-Beckham
979,06/17/1993,J.Crowder
980,05/21/1994,D.Funchess
981,08/09/1990,Q.Patton
982,06/22/1992,B.Coleman
983,04/24/1992,J.J.Nelson
984,01/22/1993,T.Montgomery
985,02/02/1990,R.Ross
986,10/25/1992,C.Conley
987,01/25/1994,J.Strong
988,01/24/1993,A.Humphries
989,06/10/1991,B.Fowler
990,10/10/1992,C.Latimer
991,09/21/1992,C.Meredith
992,07/19/1992,T.J.Jones
993,05/26/1992,D.Brown
994,03/30/1991,D.Street
995,06/09/1991,J.Janis
996,10/06/1989,C.Matthews
997,05/18/1989,J.Bellamy
998,06/29/1991,J.Herndon
999,12/17/1990,J.Abbrederis
1000,05/24/1993,N.Agholor
1001,06/28/1992,D.Jennings
1002,05/31/1992,Q.Enunwa
1003,01/05/1993,P.Dorsett
1004,09/23/1992,R.Greene
1005,12/14/1992,B.Marquez
1006,03/03/1992,D.Smith
1007,08/20/1993,D.Dye
1008,06/05/1992,K.Mumphrey
1009,06/02/1992,L.Whitehead
1010,12/23/1992,E.Rogers
1011,07/20/1993,M.Mitchell
1012,06/20/1989,T.Pryor
1013,02/10/1994,S.Shepard
1014,12/23/1994,T.Sharpe
1015,04/16/1994,W.Fuller
1016,05/09/1993,R.Anderson
1017,09/17/1990,R.Shepard
1018,01/26/1993,T.McEvoy
1019,11/13/1990,C.Hamilton
1020,01/18/1994,G.Allison
1021,09/07/1991,F.Martino
1022,07/21/1995,J.Marshall
1023,07/07/1994,D.Ayers
1024,04/17/1994,C.Core
1025,03/31/1993,S.Coates
1026,12/07/1993,C.Harper
1027,12/23/1993,A.Burbridge
1028,10/07/1994,R.Higgins
1029,07/20/1988,B.Golden
1030,11/23/1991,W.Powell
1031,04/30/1994,B.Treggs
1032,03/07/1995,P.Cooper
1033,10/16/1992,C.Peake
1034,06/25/1992,K.White
1035,11/30/1992,B.Miller
1036,03/23/1994,R.Louis
1037,08/22/1990,J.Holton
1038,11/22/1996,J.Smith-Schuster
1039,06/15/1993,C.Kupp
1040,02/27/1996,C.Godwin
1041,04/30/1994,Tr.Taylor
1042,12/03/1992,J.Doctson
1043,04/20/1993,K.Cole
1044,11/21/1993,D.Westbrook
1045,03/30/1995,Z.Jones
1046,11/03/1993,K.Golladay
1047,08/30/1992,J.Grant
1048,09/16/1993,M.Hollins
1049,11/06/1992,A.Erickson
1050,01/25/1991,M.Campanaro
1051,12/01/1992,T.McBride
1052,04/21/1994,J.Mickens
1053,07/14/1990,T.King
1054,08/04/1995,K.Bourne
1055,03/02/1995,Ta.Taylor
1056,01/27/1993,D.Byrd
1057,02/01/1994,A.Darboh
1058,08/11/1996,C.Samuel
1059,01/24/1994,L.Carroo
1060,09/21/1994,D.Robinson
1061,06/14/1995,L.Treadwell
1062,01/18/1995,C.Hansen
1063,03/21/1996,J.Malone
1064,02/16/1995,J.Reynolds
1065,10/26/1995,89-M.Clark
1066,12/08/1993,A.Stewart
1067,01/03/1992,K.Clay
1068,09/15/1995,T.Rudolph
1069,04/09/1995,I.McKenzie